nombre,imagen,descripcion,pagina,tipo_piel,tipo,precio,ingredientes,beneficios,puntuacion
Amazon.com: CeraVe Limpiador facial espumoso | Lavado facial ...,https://m.media-amazon.com/images/I/51+yNMwODML.jpg,Amazon.com: CeraVe Limpiador facial espumoso | Lavado facial ...,https://www.amazon.com/-/es/Limpiador-hialur%C3%B3nico-ceramidas-niacinamida-fragancia/dp/B07RJ18VMF,Grasa,limpiador facial,75.31 €,"Extracto de té verde, Niacinamida",Ideal para piel grasa en cuidado limpiador facial,4.5
Amazon.com: Limpiador facial La Roche-Posay Effaclar en gel ...,"https://m.media-amazon.com/images/I/61fD94+o7nL._AC_UF1000,1000_QL80_.jpg",Amazon.com: Limpiador facial La Roche-Posay Effaclar en gel ...,https://www.amazon.com/-/es/Limpiador-Roche-Posay-Effaclar-espumante-purificador/dp/B003JSEGNC,Grasa,limpiador facial,65.57 €,"Agua micelar, Ácido salicílico",Ideal para piel grasa en cuidado limpiador facial,4.7
Amazon.com: CeraVe Limpiador facial espumoso | Lavado facial ...,"https://m.media-amazon.com/images/I/51+yNMwODML._AC_UF1000,1000_QL80_.jpg",Amazon.com: CeraVe Limpiador facial espumoso | Lavado facial ...,https://www.amazon.com/-/es/Limpiador-hialur%C3%B3nico-ceramidas-niacinamida-fragancia/dp/B07RJ18VMF,Grasa,limpiador facial,29.79 €,"Glicerina, Agua micelar",Ideal para piel grasa en cuidado limpiador facial,3.8
Amazon.com: Cetaphi - Limpiador facial diario para pieles ...,https://m.media-amazon.com/images/I/619DBhP-v7L.jpg,Amazon.com: Cetaphi - Limpiador facial diario para pieles ...,https://www.amazon.com/-/es/Cetaphi-Limpiador-sensibles-combinadas-hipoalerg%C3%A9nico/dp/B099MSZX25,Grasa,limpiador facial,64.64 €,"Niacinamida, Ácido salicílico, Extracto de té verde",Ideal para piel grasa en cuidado limpiador facial,4.5
Amazon.com: Cetaphi - Limpiador facial diario para pieles ...,https://m.media-amazon.com/images/I/71bzIktCpVL.jpg,Amazon.com: Cetaphi - Limpiador facial diario para pieles ...,https://www.amazon.com/-/es/Cetaphi-Limpiador-sensibles-combinadas-hipoalerg%C3%A9nico/dp/B09Y4HHY1P,Grasa,limpiador facial,52.66 €,"Agua micelar, Glicerina",Ideal para piel grasa en cuidado limpiador facial,4.5
Amazon.com: La Roche-Posay Toleriane - Hidratante facial mate de ...,"https://m.media-amazon.com/images/I/61tAp+18-bL._AC_UF1000,1000_QL80_.jpg",Amazon.com: La Roche-Posay Toleriane - Hidratante facial mate de ...,https://www.amazon.com/-/es/Roche-Posay-Toleriane-Hidratante-niacinamida-comedog%C3%A9nico/dp/B09N13T8TL,Grasa,crema hidratante,103.14 €,"Aloe vera, Manteca de karité, Ceramidas, Ácido hialurónico",Ideal para piel grasa en cuidado crema hidratante,4.4
Amazon.com: CeraVe Combo de prueba de crema hidratante y lavado ...,"https://m.media-amazon.com/images/S/aplus-media/vc/42334554-5d3e-4087-b878-5f70c5184641.__CR0,0,300,400_PT0_SX300_V1___.jpg",Amazon.com: CeraVe Combo de prueba de crema hidratante y lavado ...,https://www.amazon.com/-/es/CeraVe-prueba-hidratante-lavado-limpiador/dp/B08FS88HYW,Grasa,crema hidratante,40.41 €,"Aloe vera, Ceramidas, Ácido hialurónico, Escualano",Ideal para piel grasa en cuidado crema hidratante,4.7
"Amazon.com: Rael Crema hidratante facial, crema Miracle Clear ...",https://m.media-amazon.com/images/I/61K6OowrBNL.jpg,"Amazon.com: Rael Crema hidratante facial, crema Miracle Clear ...",https://www.amazon.com/-/es/Crema-hidratante-facial-Miracle-Barrier/dp/B09KFL42C8,Grasa,crema hidratante,121.46 €,"Ácido hialurónico, Aloe vera",Ideal para piel grasa en cuidado crema hidratante,4.6
Amazon.com: La Roche-Posay Toleriane - Hidratante facial mate de ...,"https://images-na.ssl-images-amazon.com/images/I/61tAp+18-bL._AC_UL210_SR210,210_.jpg",Amazon.com: La Roche-Posay Toleriane - Hidratante facial mate de ...,https://www.amazon.com/-/es/Roche-Posay-Toleriane-Hidratante-niacinamida-comedog%C3%A9nico/dp/B09N13T8TL,Grasa,crema hidratante,31.66 €,"Ácido hialurónico, Escualano, Manteca de karité, Aloe vera",Ideal para piel grasa en cuidado crema hidratante,4.4
"Amazon.com: Rael Crema hidratante facial, crema Miracle Clear ...","https://m.media-amazon.com/images/I/61K6OowrBNL._AC_UF1000,1000_QL80_.jpg","Amazon.com: Rael Crema hidratante facial, crema Miracle Clear ...",https://www.amazon.com/-/es/Crema-hidratante-facial-Miracle-Barrier/dp/B09KFL42C8,Grasa,crema hidratante,133.13 €,"Ácido hialurónico, Ceramidas",Ideal para piel grasa en cuidado crema hidratante,3.2
Amazon.com: COCUNAT - Wondermask - Mascarilla facial limpiadora ...,"https://m.media-amazon.com/images/I/51TXYRCxQBL._AC_UF1000,1000_QL80_.jpg",Amazon.com: COCUNAT - Wondermask - Mascarilla facial limpiadora ...,https://www.amazon.com/-/es/COCUNAT-Wondermask-Mascarilla-limpiadora-Desintoxica/dp/B0BGPQ2TB8,Grasa,mascarilla facial,92.63 €,"Ácido láctico, Arcilla blanca",Ideal para piel grasa en cuidado mascarilla facial,4.7
Amazon.com: BANOBAGI Vita Genic Jelly - Máscaras faciales de ...,"https://m.media-amazon.com/images/I/81Kw5+m2i4L._AC_UF1000,1000_QL80_.jpg",Amazon.com: BANOBAGI Vita Genic Jelly - Máscaras faciales de ...,https://www.amazon.com/-/es/BANOBAGI-Vita-Genic-Jelly-Mascarilla/dp/B083R3RR2K,Grasa,mascarilla facial,33.21 €,"Carbón activado, Pepino, Arcilla blanca, Vitamina C",Ideal para piel grasa en cuidado mascarilla facial,3.3
Amazon.com : Sulfur Face Mask – All Natural Sulfur Facial Clay ...,"https://m.media-amazon.com/images/I/71qcFy41uYL._AC_UF1000,1000_QL80_.jpg",Amazon.com : Sulfur Face Mask – All Natural Sulfur Facial Clay ...,https://www.amazon.com/Sulfur-Face-Mask-Skincare-Treatment/dp/B0D8K2TNNM,Grasa,mascarilla facial,24.52 €,"Pepino, Ácido láctico, Carbón activado",Ideal para piel grasa en cuidado mascarilla facial,4.8
Amazon.com: Raya Mascarilla Bio-Secado (710) | Mascarilla de ...,"https://m.media-amazon.com/images/I/51NW4OsBYCL._AC_UF1000,1000_QL80_.jpg",Amazon.com: Raya Mascarilla Bio-Secado (710) | Mascarilla de ...,https://www.amazon.com/-/es/Mascarilla-Bio-Secado-tratamiento-resquebrajadas-imperfecciones/dp/B01AGY685U,Grasa,mascarilla facial,75.98 €,"Carbón activado, Vitamina C",Ideal para piel grasa en cuidado mascarilla facial,4.7
Amazon.com: Healov Mascarilla facial de azufre – Mascarilla de ...,"https://m.media-amazon.com/images/I/71Qt43+sUSL._AC_UF1000,1000_QL80_.jpg",Amazon.com: Healov Mascarilla facial de azufre – Mascarilla de ...,https://www.amazon.com/-/es/Healov-Mascarilla-facial-azufre-brillante/dp/B0D3J8JY2F,Grasa,mascarilla facial,78.02 €,"Arcilla blanca, Pepino",Ideal para piel grasa en cuidado mascarilla facial,3.6
Amazon.com: Real Basic Suero para piel grasa y brotes con ácido ...,https://m.media-amazon.com/images/I/61w8gVnjnEL.jpg,Amazon.com: Real Basic Suero para piel grasa y brotes con ácido ...,https://www.amazon.com/-/es/brotes-salic%C3%ADclico-niacinamida-kombucha-probi%C3%B3tica/dp/B0C2XC1ZS9,Grasa,serum,101.08 €,"Retinol, Ácido ferúlico, Vitamina C",Ideal para piel grasa en cuidado serum,3.5
Amazon.com: Real Basic Suero para piel grasa y brotes con ácido ...,"https://m.media-amazon.com/images/I/61w8gVnjnEL._AC_UF1000,1000_QL80_.jpg",Amazon.com: Real Basic Suero para piel grasa y brotes con ácido ...,https://www.amazon.com/-/es/brotes-salic%C3%ADclico-niacinamida-kombucha-probi%C3%B3tica/dp/B0C2XC1ZS9,Grasa,serum,104.2 €,"Niacinamida, Ácido ferúlico, Retinol, Vitamina C",Ideal para piel grasa en cuidado serum,4.8
Amazon.com: numbuzin No.1 Pantoténico B5 Suero calmante activo ...,"https://m.media-amazon.com/images/I/612cy669gzL._AC_UF1000,1000_QL80_.jpg",Amazon.com: numbuzin No.1 Pantoténico B5 Suero calmante activo ...,https://www.amazon.com/-/es/numbuzin-Pantot%C3%A9nico-hidratante-pantot%C3%A9nico-niacinamida/dp/B0D176VZP2,Grasa,serum,108.73 €,"Niacinamida, Retinol, Ácido glicólico, Vitamina C",Ideal para piel grasa en cuidado serum,3.8
Amazon.com: numbuzin No.1 Pantoténico B5 Suero calmante activo ...,https://m.media-amazon.com/images/I/612cy669gzL.jpg,Amazon.com: numbuzin No.1 Pantoténico B5 Suero calmante activo ...,https://www.amazon.com/-/es/numbuzin-Pantot%C3%A9nico-hidratante-pantot%C3%A9nico-niacinamida/dp/B0D176VZP2,Grasa,serum,63.08 €,"Vitamina C, Ácido ferúlico, Ácido glicólico, Retinol",Ideal para piel grasa en cuidado serum,3.7
Amazon.com: Suero de ácido hialurónico puro para la cara: suero ...,https://m.media-amazon.com/images/I/71GFNS7ipsL.jpg,Amazon.com: Suero de ácido hialurónico puro para la cara: suero ...,https://www.amazon.com/-/es/Suero-%C3%A1cido-hialur%C3%B3nico-puro-para/dp/B09GL88PBY,Grasa,serum,91.16 €,"Niacinamida, Vitamina C",Ideal para piel grasa en cuidado serum,4.8
Amazon.com: CeraVe Protector solar 100% mineral Spf 50 | Protector ...,https://m.media-amazon.com/images/I/61LI1Vay5dL.jpg,Amazon.com: CeraVe Protector solar 100% mineral Spf 50 | Protector ...,https://www.amazon.com/-/es/Protector-mineral-di%C3%B3xido-titanio-sensibles/dp/B07P6YLL7C,Grasa,protector solar,129.99 €,"Dióxido de titanio, Vitamina E, Ácido hialurónico, Óxido de zinc",Ideal para piel grasa en cuidado protector solar,3.4
Amazon.com: Carpe Base de maquillaje facial ~ nuevo~ Protector ...,"https://m.media-amazon.com/images/I/61XbL+EsM6L._AC_UF1000,1000_QL80_.jpg",Amazon.com: Carpe Base de maquillaje facial ~ nuevo~ Protector ...,https://www.amazon.com/-/es/maquillaje-Protector-imprimaci%C3%B3n-Imprimaci%C3%B3n-protector/dp/B0D1VW9T6Y,Grasa,protector solar,21.89 €,"Vitamina E, Ácido hialurónico",Ideal para piel grasa en cuidado protector solar,3.2
Amazon.com: Carpe Base de maquillaje facial ~ nuevo~ Protector ...,https://m.media-amazon.com/images/I/61XbL+EsM6L.jpg,Amazon.com: Carpe Base de maquillaje facial ~ nuevo~ Protector ...,https://www.amazon.com/-/es/maquillaje-Protector-imprimaci%C3%B3n-Imprimaci%C3%B3n-protector/dp/B0D1VW9T6Y,Grasa,protector solar,26.87 €,"Dióxido de titanio, Alantoína",Ideal para piel grasa en cuidado protector solar,3.8
Amazon.com: Carpe Base de maquillaje facial ~ nuevo~ Protector ...,https://m.media-amazon.com/images/I/61LDQRdiH3L.jpg,Amazon.com: Carpe Base de maquillaje facial ~ nuevo~ Protector ...,https://www.amazon.com/-/es/maquillaje-Protector-imprimaci%C3%B3n-duradera-protector/dp/B0CGBP1B8B,Grasa,protector solar,68.22 €,"Ácido hialurónico, Dióxido de titanio",Ideal para piel grasa en cuidado protector solar,4.2
Amazon.com: Heliocare 360 Gel sin aceite SPF 50 1.7 fl oz / Gel ...,"https://m.media-amazon.com/images/I/71194JhNyjL._AC_UF1000,1000_QL80_.jpg",Amazon.com: Heliocare 360 Gel sin aceite SPF 50 1.7 fl oz / Gel ...,https://www.amazon.com/-/es/Heliocare-aceite-protector-visible-infrarroja/dp/B00UYZ95F2,Grasa,protector solar,124.73 €,"Dióxido de titanio, Óxido de zinc, Alantoína, Ácido hialurónico",Ideal para piel grasa en cuidado protector solar,3.5
Amazon.com: Clinique Exfoliante facial con ácido salicílico para ...,"https://m.media-amazon.com/images/I/61PfWn8YvWL._AC_UF1000,1000_QL80_.jpg",Amazon.com: Clinique Exfoliante facial con ácido salicílico para ...,https://www.amazon.com/-/es/Clinique-Exfoliante-salic%C3%ADlico-Refrescante-refinante/dp/B000ALBLIE,Grasa,exfoliante,68.23 €,"Jojoba, Ácido salicílico, Bambú micronizado",Ideal para piel grasa en cuidado exfoliante,3.8
Amazon.com: Garnier SkinActive Exfoliante facial con té verde para ...,https://m.media-amazon.com/images/I/81RM8rqRWcL.jpg,Amazon.com: Garnier SkinActive Exfoliante facial con té verde para ...,https://www.amazon.com/-/es/Garnier-SkinActive-Exfoliante-facial-unidades/dp/B07HH8DT15,Grasa,exfoliante,77.87 €,"AHA/BHA, Jojoba",Ideal para piel grasa en cuidado exfoliante,4.1
Amazon.com: Clinique Loción aclarante facial exfoliante facial de ...,"https://m.media-amazon.com/images/I/61aRMPxbttL._AC_UF1000,1000_QL80_.jpg",Amazon.com: Clinique Loción aclarante facial exfoliante facial de ...,https://www.amazon.com/-/es/Clinique-aclarante-exfoliante-combinadas-combinada/dp/B008IBDY74,Grasa,exfoliante,11.32 €,"AHA/BHA, Bambú micronizado, Ácido salicílico, Jojoba",Ideal para piel grasa en cuidado exfoliante,4.9
Amazon.com: ATWATER Paquete de exfoliante facial para hombre + ...,https://m.media-amazon.com/images/I/71iW3QLbSsL.jpg,Amazon.com: ATWATER Paquete de exfoliante facial para hombre + ...,https://www.amazon.com/-/es/ATWATER-Paquete-exfoliante-facial-hidratante/dp/B0DBBFVYZK,Grasa,exfoliante,73.06 €,"Ácido salicílico, Ácido glicólico",Ideal para piel grasa en cuidado exfoliante,3.6
Amazon.com: ACURE Exfoliante facial de limonada de carbón ...,https://m.media-amazon.com/images/I/61KEBF7RilL.jpg,Amazon.com: ACURE Exfoliante facial de limonada de carbón ...,https://www.amazon.com/-/es/Exfoliante-incre%C3%ADblemente-transparente-propensas-desintoxican/dp/B07PDF4ZN5,Grasa,exfoliante,133.12 €,"Jojoba, AHA/BHA, Ácido glicólico",Ideal para piel grasa en cuidado exfoliante,3.4
Amazon.com: La Roche-Posay Serozinc - Tónico facial para piel ...,"https://m.media-amazon.com/images/I/51nM-KIFQML._AC_UF1000,1000_QL80_.jpg",Amazon.com: La Roche-Posay Serozinc - Tónico facial para piel ...,https://www.amazon.com/-/es/Roche-Posay-Serozinc-matificante-propensa-reducir/dp/B002WZJQLA,Grasa,tónico facial,55.59 €,"Niacinamida, Hamamelis",Ideal para piel grasa en cuidado tónico facial,4.1
Amazon.com: CeraVe Tónico hidratante para rostro sin alcohol con ...,https://m.media-amazon.com/images/I/61I5vVH68JL.jpg,Amazon.com: CeraVe Tónico hidratante para rostro sin alcohol con ...,https://www.amazon.com/-/es/hidratante-hialur%C3%B3nico-niacinamida-ceramidas-comedog%C3%A9nico/dp/B09LKXR62L,Grasa,tónico facial,70.25 €,"Hamamelis, Pepino",Ideal para piel grasa en cuidado tónico facial,3.4
Amazon.com: Askshy Tonique Facial à l'eucerine 200 millilitres : Baby,"https://m.media-amazon.com/images/I/61V1nmkg2eL._AC_UF1000,1000_QL80_.jpg",Amazon.com: Askshy Tonique Facial à l'eucerine 200 millilitres : Baby,https://www.amazon.com/Askshy-Tonique-Facial-leucerine-millilitres/dp/B08KH4WZJG,Grasa,tónico facial,10.72 €,"Pepino, Niacinamida, Hamamelis",Ideal para piel grasa en cuidado tónico facial,5.0
Amazon.com: CeraVe Tónico hidratante para rostro sin alcohol con ...,"https://m.media-amazon.com/images/I/61I5vVH68JL._AC_UF1000,1000_QL80_.jpg",Amazon.com: CeraVe Tónico hidratante para rostro sin alcohol con ...,https://www.amazon.com/-/es/hidratante-hialur%C3%B3nico-niacinamida-ceramidas-comedog%C3%A9nico/dp/B09LKXR62L,Grasa,tónico facial,64.54 €,"Niacinamida, Pepino",Ideal para piel grasa en cuidado tónico facial,4.9
Amazon.com: The Body Shop Tónico matificante para limpieza de la ...,"https://m.media-amazon.com/images/I/714+aaZlH8L._AC_UF1000,1000_QL80_.jpg",Amazon.com: The Body Shop Tónico matificante para limpieza de la ...,https://www.amazon.com/-/es/Body-T%C3%B3nico-matificante-limpieza-%C3%A1rbol/dp/B002K8MK0I,Grasa,tónico facial,117.19 €,"Glicerina, Niacinamida",Ideal para piel grasa en cuidado tónico facial,4.5
Amazon.com: Good Molecules Aceite de Bakuchiol para piel grasa ...,https://m.media-amazon.com/images/I/71r58q3OXIL.jpg,Amazon.com: Good Molecules Aceite de Bakuchiol para piel grasa ...,https://www.amazon.com/-/es/Molecules-Aceite-Bakuchiol-grasa-antienvejecimiento/dp/B0BX3K2216,Grasa,aceite facial,110.64 €,"Vitamina E, Aceite de jojoba, Escualano",Ideal para piel grasa en cuidado aceite facial,4.3
Amazon.com: Good Molecules Aceite de Bakuchiol para piel grasa ...,"https://m.media-amazon.com/images/I/71r58q3OXIL._AC_UF1000,1000_QL80_.jpg",Amazon.com: Good Molecules Aceite de Bakuchiol para piel grasa ...,https://www.amazon.com/-/es/Molecules-Aceite-Bakuchiol-grasa-antienvejecimiento/dp/B0BX3K2216,Grasa,aceite facial,84.89 €,"Aceite de argán, Vitamina E, Escualano",Ideal para piel grasa en cuidado aceite facial,4.6
"Amazon.com: Good Molecules Aceite facial ultrahidratante, aceite ...","https://m.media-amazon.com/images/I/71y81tV2uDL._AC_UF1000,1000_QL80_.jpg","Amazon.com: Good Molecules Aceite facial ultrahidratante, aceite ...",https://www.amazon.com/-/es/Molecules-ultrahidratante-hidratante-cuidado-amarillo/dp/B09Q2XKWZ1,Grasa,aceite facial,20.81 €,"Aceite de rosa mosqueta, Aceite de jojoba, Escualano",Ideal para piel grasa en cuidado aceite facial,4.2
Amazon.com: Joanssore Juego de 2 jabones líquidos hechos a mano de ...,"https://m.media-amazon.com/images/I/611rtcmraWL._AC_UF1000,1000_QL80_.jpg",Amazon.com: Joanssore Juego de 2 jabones líquidos hechos a mano de ...,https://www.amazon.com/-/es/Joanssore-jabones-l%C3%ADquidos-c%C3%BArcuma-multiusos/dp/B0CLRQN631,Grasa,aceite facial,51.93 €,"Aceite de argán, Aceite de jojoba",Ideal para piel grasa en cuidado aceite facial,3.5
Amazon.com: Aceite facial para todo tipo de piel / 0.9 fl oz ...,https://m.media-amazon.com/images/I/61h1nuIwdtL.jpg,Amazon.com: Aceite facial para todo tipo de piel / 0.9 fl oz ...,https://www.amazon.com/-/es/radicales-mantener-estructura-visiblemente-hidratada/dp/B0BFC258FG,Grasa,aceite facial,123.69 €,"Aceite de jojoba, Aceite de rosa mosqueta",Ideal para piel grasa en cuidado aceite facial,3.9
Amazon.com: Glossmetics Daily Reset Limpiador facial de gel ...,"https://m.media-amazon.com/images/I/61YNzTHrVtL._AC_UF1000,1000_QL80_.jpg",Amazon.com: Glossmetics Daily Reset Limpiador facial de gel ...,https://www.amazon.com/-/es/Glossmetics-Limpiador-clarificante-maquillaje-hidratante/dp/B0CCT122J5,Seca,limpiador facial,77.42 €,"Extracto de té verde, Agua micelar, Niacinamida",Ideal para piel seca en cuidado limpiador facial,4.1
Amazon.com: La Roche-Posay Toleraine Skin Care Set | Double Repair ...,"https://m.media-amazon.com/images/I/61Rg5Lfdw6L._AC_UF1000,1000_QL80_.jpg",Amazon.com: La Roche-Posay Toleraine Skin Care Set | Double Repair ...,https://www.amazon.com/Roche-Posay-Toleriane-Hydrating-Cleanser-Moisturizer/dp/B0BX1Z2VMW,Seca,limpiador facial,149.32 €,"Glicerina, Ácido salicílico",Ideal para piel seca en cuidado limpiador facial,4.5
Amazon.com: La Roche-Posay Toleriane Limpiador hidratante suave ...,"https://m.media-amazon.com/images/I/61E45LOdhWL._AC_UF1000,1000_QL80_.jpg",Amazon.com: La Roche-Posay Toleriane Limpiador hidratante suave ...,https://www.amazon.com/-/es/Roche-Posay-Toleriane-Limpiador-hidratante-sensible/dp/B07WS6BTDK,Seca,limpiador facial,68.89 €,"Niacinamida, Extracto de té verde",Ideal para piel seca en cuidado limpiador facial,3.3
Amazon.com: Glossmetics Daily Reset Limpiador facial de gel ...,https://m.media-amazon.com/images/I/61YNzTHrVtL.jpg,Amazon.com: Glossmetics Daily Reset Limpiador facial de gel ...,https://www.amazon.com/-/es/Glossmetics-Limpiador-clarificante-maquillaje-hidratante/dp/B0CCT122J5,Seca,limpiador facial,19.18 €,"Glicerina, Ácido salicílico",Ideal para piel seca en cuidado limpiador facial,4.4
Amazon.com: Physiogel Dermolimpiador diario para piel seca y ...,"https://m.media-amazon.com/images/I/51v3PIXZoVL._AC_UF1000,1000_QL80_.jpg",Amazon.com: Physiogel Dermolimpiador diario para piel seca y ...,https://www.amazon.com/-/es/Physiogel-Dermolimpiador-sensible-limpiador-hipoalerg%C3%A9nico/dp/B00C5WZYNO,Seca,limpiador facial,148.61 €,"Extracto de té verde, Glicerina, Niacinamida",Ideal para piel seca en cuidado limpiador facial,4.9
"Amazon.com: Hidratante facial orgánico para hombres, crema facial ...",https://m.media-amazon.com/images/I/81E6iapF8JL.jpg,"Amazon.com: Hidratante facial orgánico para hombres, crema facial ...",https://www.amazon.com/-/es/Hidratante-org%C3%A1nico-hidratante-antienvejecimiento-sensibles/dp/B0B6WRG77N,Seca,crema hidratante,33.51 €,"Escualano, Ácido hialurónico, Manteca de karité",Ideal para piel seca en cuidado crema hidratante,4.9
Amazon.com: La Roche-Posay Lipikar Crema hidratante de reparación ...,"https://m.media-amazon.com/images/I/61P7VRznw3L._AC_UF1000,1000_QL80_.jpg",Amazon.com: La Roche-Posay Lipikar Crema hidratante de reparación ...,https://www.amazon.com/-/es/Roche-Posay-hidratante-reparaci%C3%B3n-fragancia-sensibles/dp/B075S2PFFM,Seca,crema hidratante,67.81 €,"Escualano, Ácido hialurónico",Ideal para piel seca en cuidado crema hidratante,3.2
Amazon.com: Mommy Care Crema hidratante facial orgánica para bebés ...,"https://m.media-amazon.com/images/I/61N0WeR+eHL._AC_UF1000,1000_QL80_.jpg",Amazon.com: Mommy Care Crema hidratante facial orgánica para bebés ...,https://www.amazon.com/-/es/hidratante-org%C3%A1nica-calmante-hidratar-sensible/dp/B011ZRKHJ0,Seca,crema hidratante,37.64 €,"Manteca de karité, Ácido hialurónico",Ideal para piel seca en cuidado crema hidratante,3.4
Amazon.com: Simply Divine Botanicals Creme de Rose - Crema ...,"https://m.media-amazon.com/images/I/71M4kbITVOS._AC_UF1000,1000_QL80_.jpg",Amazon.com: Simply Divine Botanicals Creme de Rose - Crema ...,https://www.amazon.com/-/es/Simply-Divine-Botanicals-Creme-Rose/dp/B002WWGSQE,Seca,crema hidratante,15.72 €,"Ceramidas, Escualano, Manteca de karité, Aloe vera",Ideal para piel seca en cuidado crema hidratante,4.7
Amazon.com: Advanced Clinicals Crema hidratante de colágeno para ...,https://m.media-amazon.com/images/I/81Ew8HT+elL.jpg,Amazon.com: Advanced Clinicals Crema hidratante de colágeno para ...,https://www.amazon.com/-/es/Advanced-Clinicals-hidratante-col%C3%A1geno-agrietada/dp/B08JHD4VQ2,Seca,crema hidratante,55.03 €,"Ceramidas, Escualano, Manteca de karité",Ideal para piel seca en cuidado crema hidratante,4.1
Amazon.com: Advanced Clinicals Mascarilla facial de gel de ácido ...,https://m.media-amazon.com/images/I/81xF7hzR9CL.jpg,Amazon.com: Advanced Clinicals Mascarilla facial de gel de ácido ...,https://www.amazon.com/-/es/hialur%C3%B3nico-tratamiento-iluminadora-antienvejecimiento-transformar/dp/B06XG249X4,Seca,mascarilla facial,48.28 €,"Ácido láctico, Pepino",Ideal para piel seca en cuidado mascarilla facial,4.5
"Amazon.com: Mascarilla calmante de aloe vera, mascarilla ...",https://m.media-amazon.com/images/I/71yTXnBYFdL.jpg,"Amazon.com: Mascarilla calmante de aloe vera, mascarilla ...",https://www.amazon.com/-/es/Mascarilla-calmante-mascarilla-hidratante-sensible/dp/B09WVFXBQZ,Seca,mascarilla facial,143.98 €,"Vitamina C, Pepino, Carbón activado, Arcilla blanca",Ideal para piel seca en cuidado mascarilla facial,4.0
"Amazon.com: Mascarilla facial de aloe vera, mascarillas ...","https://m.media-amazon.com/images/I/71TWk+LkrFL._AC_UF1000,1000_QL80_.jpg","Amazon.com: Mascarilla facial de aloe vera, mascarillas ...",https://www.amazon.com/-/es/Mascarilla-mascarillas-hidratantes-sensible-hidratar/dp/B0CLNJBRRX,Seca,mascarilla facial,123.52 €,"Vitamina C, Ácido láctico, Carbón activado, Arcilla blanca",Ideal para piel seca en cuidado mascarilla facial,4.6
Amazon.com: SULADEC Mascarilla hidratante para pies con manteca de ...,"https://m.media-amazon.com/images/I/71suYqheqrL._AC_UF1000,1000_QL80_.jpg",Amazon.com: SULADEC Mascarilla hidratante para pies con manteca de ...,https://www.amazon.com/-/es/Mascarilla-hidratante-mascarillas-hidratantes-agrietados/dp/B0CMGMDLZ9,Seca,mascarilla facial,124.37 €,"Arcilla blanca, Vitamina C, Pepino, Ácido láctico",Ideal para piel seca en cuidado mascarilla facial,3.5
"Amazon.com: Máscara de colágeno para envolver la noche, mascarilla ...","https://m.media-amazon.com/images/I/71Ye3yOHwwL._AC_UF1000,1000_QL80_.jpg","Amazon.com: Máscara de colágeno para envolver la noche, mascarilla ...",https://www.amazon.com/-/es/M%C3%A1scara-col%C3%A1geno-envolver-mascarilla-coreano/dp/B0D9616XD8,Seca,mascarilla facial,27.94 €,"Arcilla blanca, Pepino, Ácido láctico",Ideal para piel seca en cuidado mascarilla facial,3.3
Amazon.com: wet n wild Prime Focus Primer Serum para la cara ...,https://m.media-amazon.com/images/I/71t2dPDtBuL.jpg,Amazon.com: wet n wild Prime Focus Primer Serum para la cara ...,https://www.amazon.com/-/es/Prime-Focus-Primer-hidratante-maquillaje/dp/B082YQ5Y23,Seca,serum,75.73 €,"Ácido glicólico, Retinol, Niacinamida",Ideal para piel seca en cuidado serum,3.2
"Amazon.com: Pyunkang Yul Blemish Serum, 1 onza líquida, suero ...",https://m.media-amazon.com/images/I/41P2KZDuCgL.jpg,"Amazon.com: Pyunkang Yul Blemish Serum, 1 onza líquida, suero ...",https://www.amazon.com/-/es/Pyunkang-hidratante-hialur%C3%B3nico-niacinamida-elasticidad/dp/B0CQYDRX5T,Seca,serum,86.97 €,"Ácido ferúlico, Ácido glicólico, Retinol, Vitamina C",Ideal para piel seca en cuidado serum,3.8
Amazon.com: Neutrogena - Suero Hydro Boost con ácido hialurónico y ...,https://m.media-amazon.com/images/I/817grWxxPVL.jpg,Amazon.com: Neutrogena - Suero Hydro Boost con ácido hialurónico y ...,https://www.amazon.com/-/es/Neutrogena-hialur%C3%B3nico-compuesto-hidratante-fragancia/dp/B08937VD6Z,Seca,serum,114.88 €,"Niacinamida, Ácido glicólico, Vitamina C",Ideal para piel seca en cuidado serum,3.2
"Amazon.com: Pyunkang Yul Blemish Serum, 1 onza líquida, suero ...","https://m.media-amazon.com/images/I/41P2KZDuCgL._AC_UF1000,1000_QL80_.jpg","Amazon.com: Pyunkang Yul Blemish Serum, 1 onza líquida, suero ...",https://www.amazon.com/-/es/Pyunkang-hidratante-hialur%C3%B3nico-niacinamida-elasticidad/dp/B0CQYDRX5T,Seca,serum,141.17 €,"Vitamina C, Ácido ferúlico, Ácido glicólico",Ideal para piel seca en cuidado serum,4.7
"Amazon.com: Suero Hyalu B5 de 2 piezas, suero de ácido hialurónico ...","https://m.media-amazon.com/images/I/615s57CFUaL._AC_UF1000,1000_QL80_.jpg","Amazon.com: Suero Hyalu B5 de 2 piezas, suero de ácido hialurónico ...",https://www.amazon.com/-/es/hialur%C3%B3nico-vitamina-antienvejecimiento-hidratante-rellenar/dp/B0CYT373YW,Seca,serum,51.01 €,"Ácido glicólico, Vitamina C",Ideal para piel seca en cuidado serum,3.9
Amazon.com: CeraVe Protector solar 100% mineral SPF 50 | Protector ...,https://m.media-amazon.com/images/I/71QouitPbdL.jpg,Amazon.com: CeraVe Protector solar 100% mineral SPF 50 | Protector ...,https://www.amazon.com/-/es/Protector-mineral-hialur%C3%B3nico-niacinamida-ceramidas/dp/B07KLY4RYG,Seca,protector solar,50.07 €,"Óxido de zinc, Vitamina E, Alantoína, Dióxido de titanio",Ideal para piel seca en cuidado protector solar,4.2
Amazon.com: Andalou Naturals DIY Booster SPF 30 Suero facial sin ...,"https://m.media-amazon.com/images/I/61dCRa2db-L._AC_UF1000,1000_QL80_.jpg",Amazon.com: Andalou Naturals DIY Booster SPF 30 Suero facial sin ...,https://www.amazon.com/-/es/Naturals-protector-antienvejecimiento-protecci%C3%B3n-hidratante/dp/B00JMI2FBI,Seca,protector solar,61.34 €,"Óxido de zinc, Dióxido de titanio, Alantoína, Vitamina E",Ideal para piel seca en cuidado protector solar,4.0
Amazon.com: BYOMA Crema de gel SPF 30 – Crema reparadora de ...,https://m.media-amazon.com/images/I/61In3IqSFTL.jpg,Amazon.com: BYOMA Crema de gel SPF 30 – Crema reparadora de ...,https://www.amazon.com/-/es/BYOMA-Crema-gel-SPF-reparadora/dp/B0C9JVGX8X,Seca,protector solar,104.93 €,"Vitamina E, Ácido hialurónico, Alantoína",Ideal para piel seca en cuidado protector solar,3.5
Amazon.com: CeraVe 100% Mineral Sunscreen Spf 50 | Face Sunscreen ...,"https://m.media-amazon.com/images/I/61LI1Vay5dL._AC_UF1000,1000_QL80_.jpg",Amazon.com: CeraVe 100% Mineral Sunscreen Spf 50 | Face Sunscreen ...,https://www.amazon.com/CeraVe-Mineral-Sunscreen-Titanium-Sensitive/dp/B07P6YLL7C,Seca,protector solar,122.53 €,"Vitamina E, Dióxido de titanio, Ácido hialurónico",Ideal para piel seca en cuidado protector solar,3.3
Amazon.com: Undry Protector solar hidratante para piel seca Ligero ...,"https://m.media-amazon.com/images/I/61Y+WiHRG-L._AC_UF1000,1000_QL80_.jpg",Amazon.com: Undry Protector solar hidratante para piel seca Ligero ...,https://www.amazon.com/-/es/Protector-hidratante-protector-fotoestable-espectro/dp/B0BJVBZKGZ,Seca,protector solar,52.15 €,"Ácido hialurónico, Óxido de zinc, Dióxido de titanio, Alantoína",Ideal para piel seca en cuidado protector solar,3.5
Amazon.com: Cepillo de limpieza facial | Exfoliante facial ...,"https://m.media-amazon.com/images/I/61X9A25iZkL._AC_UF1000,1000_QL80_.jpg",Amazon.com: Cepillo de limpieza facial | Exfoliante facial ...,https://www.amazon.com/-/es/Exfoliante-limpiador-exfoliante-el%C3%A9ctrico-incluyendo/dp/B09MZLPWJ9,Seca,exfoliante,56.7 €,"Bambú micronizado, Jojoba, AHA/BHA, Ácido glicólico",Ideal para piel seca en cuidado exfoliante,4.8
Amazon.com: CZZXI Exfoliante facial y exfoliante facial con miel ...,"https://m.media-amazon.com/images/I/7122Mbg1+oL._AC_UF1000,1000_QL80_.jpg",Amazon.com: CZZXI Exfoliante facial y exfoliante facial con miel ...,https://www.amazon.com/-/es/CZZXI-Exfoliante-exfoliante-vitamina-niacinamida/dp/B0CGRH8WLD,Seca,exfoliante,10.76 €,"Jojoba, Ácido glicólico, AHA/BHA",Ideal para piel seca en cuidado exfoliante,4.3
Amazon.com: Cepillo de limpieza facial | Exfoliante facial ...,https://m.media-amazon.com/images/I/61X9A25iZkL.jpg,Amazon.com: Cepillo de limpieza facial | Exfoliante facial ...,https://www.amazon.com/-/es/Exfoliante-limpiador-exfoliante-el%C3%A9ctrico-incluyendo/dp/B09MZLPWJ9,Seca,exfoliante,147.7 €,"Jojoba, Bambú micronizado",Ideal para piel seca en cuidado exfoliante,3.1
Amazon.com: CZZXI Exfoliante facial y exfoliante facial con miel ...,https://m.media-amazon.com/images/I/7122Mbg1+oL.jpg,Amazon.com: CZZXI Exfoliante facial y exfoliante facial con miel ...,https://www.amazon.com/-/es/CZZXI-Exfoliante-exfoliante-vitamina-niacinamida/dp/B0CGRH8WLD,Seca,exfoliante,13.04 €,"Bambú micronizado, AHA/BHA",Ideal para piel seca en cuidado exfoliante,3.1
Amazon.com: Germaine de Capuccini Exfoliante facial | Limpiador ...,"https://m.media-amazon.com/images/I/41OFesgRBVL._AC_UF1000,1000_QL80_.jpg",Amazon.com: Germaine de Capuccini Exfoliante facial | Limpiador ...,https://www.amazon.com/-/es/Germaine-Capuccini-Exfoliante-Limpiador-refrescante/dp/B0CZC428WC,Seca,exfoliante,99.53 €,"Bambú micronizado, Ácido salicílico, AHA/BHA",Ideal para piel seca en cuidado exfoliante,4.0
Amazon.com: CeraVe Tónico hidratante para rostro sin alcohol con ...,"https://m.media-amazon.com/images/I/61I5vVH68JL._AC_UF1000,1000_QL80_.jpg",Amazon.com: CeraVe Tónico hidratante para rostro sin alcohol con ...,https://www.amazon.com/-/es/hidratante-hialur%C3%B3nico-niacinamida-ceramidas-comedog%C3%A9nico/dp/B09LKXR62L,Seca,tónico facial,9.84 €,"Pepino, Ácido láctico",Ideal para piel seca en cuidado tónico facial,4.2
"Amazon.com: Sky Organics Tónico de agua de rosa orgánico, 4 onzas ...","https://m.media-amazon.com/images/I/61DCkeQVdML._AC_UF1000,1000_QL80_.jpg","Amazon.com: Sky Organics Tónico de agua de rosa orgánico, 4 onzas ...",https://www.amazon.com/-/es/Organics-destilada-limpiador-hidratantes-maquillaje/dp/B01CEQHQ5E,Seca,tónico facial,33.43 €,"Hamamelis, Ácido láctico, Pepino",Ideal para piel seca en cuidado tónico facial,3.5
Amazon.com: Sonoma Naturals Agua de rosas para rostro con tóner ...,"https://m.media-amazon.com/images/I/71vo1YVkyWL._AC_UF1000,1000_QL80_.jpg",Amazon.com: Sonoma Naturals Agua de rosas para rostro con tóner ...,https://www.amazon.com/-/es/Naturals-astringente-hidratante-limpieza-profunda/dp/B09HP4RB2L,Seca,tónico facial,92.52 €,"Hamamelis, Glicerina",Ideal para piel seca en cuidado tónico facial,4.3
Amazon.com: THAYERS Tónico facial lechoso con hongo de nieve y ...,https://m.media-amazon.com/images/I/71XmSuU0pnL.jpg,Amazon.com: THAYERS Tónico facial lechoso con hongo de nieve y ...,https://www.amazon.com/-/es/THAYERS-hialur%C3%B3nico-recomendado-dermat%C3%B3logos-sensible/dp/B0C5JRG7RP,Seca,tónico facial,123.25 €,"Pepino, Hamamelis",Ideal para piel seca en cuidado tónico facial,5.0
"Amazon.com: Sky Organics Tónico de agua de rosa orgánico, 4 onzas ...",https://m.media-amazon.com/images/I/61DCkeQVdML.jpg,"Amazon.com: Sky Organics Tónico de agua de rosa orgánico, 4 onzas ...",https://www.amazon.com/-/es/Organics-destilada-limpiador-hidratantes-maquillaje/dp/B01CEQHQ5E,Seca,tónico facial,77.69 €,"Hamamelis, Glicerina",Ideal para piel seca en cuidado tónico facial,3.7
Amazon.com: Good Molecules Aceite de Bakuchiol para piel seca ...,"https://m.media-amazon.com/images/I/71XVC3sN9jL._AC_UF1000,1000_QL80_.jpg",Amazon.com: Good Molecules Aceite de Bakuchiol para piel seca ...,https://www.amazon.com/-/es/Good-Molecules-Aceite-Bakuchiol-antienvejecimiento/dp/B09PVD477V,Seca,aceite facial,105.04 €,"Aceite de jojoba, Aceite de rosa mosqueta, Aceite de argán",Ideal para piel seca en cuidado aceite facial,4.0
"Amazon.com: SKINN Aceite facial luminoso, aceite facial para ...",https://m.media-amazon.com/images/I/61QpvfVss2L.jpg,"Amazon.com: SKINN Aceite facial luminoso, aceite facial para ...",https://www.amazon.com/-/es/luminoso-reafirmar-visiblemente-hidratante-antienvejecimiento/dp/B09XGMJC66,Seca,aceite facial,107.96 €,"Vitamina E, Escualano, Aceite de rosa mosqueta, Aceite de argán",Ideal para piel seca en cuidado aceite facial,4.3
"Amazon.com: SKINN Aceite facial luminoso, aceite facial para ...","https://m.media-amazon.com/images/I/61QpvfVss2L._AC_UF1000,1000_QL80_.jpg","Amazon.com: SKINN Aceite facial luminoso, aceite facial para ...",https://www.amazon.com/-/es/luminoso-reafirmar-visiblemente-hidratante-antienvejecimiento/dp/B09XGMJC66,Seca,aceite facial,135.22 €,"Aceite de jojoba, Vitamina E, Aceite de rosa mosqueta",Ideal para piel seca en cuidado aceite facial,3.6
"Amazon.com: FORMULAB Aceite facial, aceite de rosa mosqueta para ...","https://m.media-amazon.com/images/I/71dPV1HwNfL._AC_UF1000,1000_QL80_.jpg","Amazon.com: FORMULAB Aceite facial, aceite de rosa mosqueta para ...",https://www.amazon.com/-/es/FORMULAB-mosqueta-hidratante-mujeres-brillante/dp/B0CCBQR6R1,Seca,aceite facial,32.22 €,"Aceite de argán, Vitamina E, Aceite de rosa mosqueta",Ideal para piel seca en cuidado aceite facial,4.7
Amazon.com: Good Molecules Aceite de Bakuchiol para piel seca ...,https://m.media-amazon.com/images/I/71XVC3sN9jL.jpg,Amazon.com: Good Molecules Aceite de Bakuchiol para piel seca ...,https://www.amazon.com/-/es/Good-Molecules-Aceite-Bakuchiol-antienvejecimiento/dp/B09PVD477V,Seca,aceite facial,77.27 €,"Aceite de argán, Escualano",Ideal para piel seca en cuidado aceite facial,3.7
Amazon.com: SVR Sebiaclear Limpiador facial y corporal con ácido ...,"https://m.media-amazon.com/images/I/51Z5jAZZ+6L._AC_UF1000,1000_QL80_.jpg",Amazon.com: SVR Sebiaclear Limpiador facial y corporal con ácido ...,https://www.amazon.com/-/es/Sebiaclear-Limpiador-salic%C3%ADlico-sensibles-impurezas/dp/B0C934H2M2,Mixta,limpiador facial,50.23 €,"Agua micelar, Glicerina, Ácido salicílico, Extracto de té verde",Ideal para piel mixta en cuidado limpiador facial,4.3
Amazon.com: Eucerin DermoPure Cleansing Gel 200ml : Beauty ...,https://m.media-amazon.com/images/I/71XyzlAQwJL.jpg,Amazon.com: Eucerin DermoPure Cleansing Gel 200ml : Beauty ...,https://www.amazon.com/Eucerin-dermopure-control-limpiador-milliliters/dp/B075KJKFNP,Mixta,limpiador facial,112.11 €,"Niacinamida, Agua micelar, Extracto de té verde, Glicerina",Ideal para piel mixta en cuidado limpiador facial,3.7
Amazon.com: SVR Sebiaclear Limpiador facial y corporal con ácido ...,"https://images-na.ssl-images-amazon.com/images/I/51Z5jAZZ+6L._AC_UL210_SR210,210_.jpg",Amazon.com: SVR Sebiaclear Limpiador facial y corporal con ácido ...,https://www.amazon.com/-/es/Sebiaclear-Limpiador-salic%C3%ADlico-sensibles-impurezas/dp/B0C934H2M2,Mixta,limpiador facial,126.91 €,"Ácido salicílico, Extracto de té verde, Niacinamida",Ideal para piel mixta en cuidado limpiador facial,4.2
Amazon.com: Limpiador facial La Roche-Posay Effaclar en gel ...,"https://m.media-amazon.com/images/I/61fD94+o7nL._AC_UF1000,1000_QL80_.jpg",Amazon.com: Limpiador facial La Roche-Posay Effaclar en gel ...,https://www.amazon.com/-/es/Limpiador-Roche-Posay-Effaclar-espumante-purificador/dp/B003JSEGNC,Mixta,limpiador facial,139.45 €,"Agua micelar, Ácido salicílico",Ideal para piel mixta en cuidado limpiador facial,4.7
Amazon.com: Gel hidratante facial ACLERIA para pieles grasas y ...,"https://m.media-amazon.com/images/I/51svCZu64fL._AC_UF1000,1000_QL80_.jpg",Amazon.com: Gel hidratante facial ACLERIA para pieles grasas y ...,https://www.amazon.com/-/es/hidratante-facial-ACLERIA-pieles-mixtas/dp/B0CBKW4H7M,Mixta,limpiador facial,65.72 €,"Niacinamida, Glicerina",Ideal para piel mixta en cuidado limpiador facial,4.0
Amazon.com: Glossmetics Humectante diario ligero hidratado con ...,https://m.media-amazon.com/images/I/61EjwFE-3oL.jpg,Amazon.com: Glossmetics Humectante diario ligero hidratado con ...,https://www.amazon.com/-/es/Glossmetics-Humectante-hidratado-Centella-hidratante/dp/B0CCT3SHFL,Mixta,crema hidratante,72.71 €,"Aloe vera, Manteca de karité, Ceramidas, Escualano",Ideal para piel mixta en cuidado crema hidratante,3.8
Amazon.com: Glossmetics Humectante diario ligero hidratado con ...,"https://m.media-amazon.com/images/I/61EjwFE-3oL._AC_UF1000,1000_QL80_.jpg",Amazon.com: Glossmetics Humectante diario ligero hidratado con ...,https://www.amazon.com/-/es/Glossmetics-Humectante-hidratado-Centella-hidratante/dp/B0CCT3SHFL,Mixta,crema hidratante,141.01 €,"Aloe vera, Manteca de karité, Escualano",Ideal para piel mixta en cuidado crema hidratante,4.5
Amazon.com: Bioderma - Crema facial - Hydrabio - Crema hidratante ...,https://m.media-amazon.com/images/I/51x2d2eYFIL.jpg,Amazon.com: Bioderma - Crema facial - Hydrabio - Crema hidratante ...,https://www.amazon.com/-/es/Bioderma-hidratante-Proporciona-luminosidad-sensibles/dp/B01AZR98HI,Mixta,crema hidratante,27.7 €,"Ácido hialurónico, Manteca de karité, Escualano, Ceramidas",Ideal para piel mixta en cuidado crema hidratante,3.6
Amazon.com: Pharmagel Glyco-8 Crema hidratante reafirmante facial ...,"https://m.media-amazon.com/images/I/610mW3SCIVL._AC_UF1000,1000_QL80_.jpg",Amazon.com: Pharmagel Glyco-8 Crema hidratante reafirmante facial ...,https://www.amazon.com/-/es/Pharmagel-hidratante-reafirmante-Hidratante-profundamente/dp/B000E3YO4G,Mixta,crema hidratante,46.93 €,"Aloe vera, Manteca de karité",Ideal para piel mixta en cuidado crema hidratante,4.0
Amazon.com: Florencia Crema hidratante ligera de salvia y cítricos ...,"https://m.media-amazon.com/images/I/7121b+dWJAL._AC_UF1000,1000_QL80_.jpg",Amazon.com: Florencia Crema hidratante ligera de salvia y cítricos ...,https://www.amazon.com/-/es/Florencia-hidratante-ligera-salvia-c%C3%ADtricos/dp/B00CFX4J8E,Mixta,crema hidratante,4.64 €,"Manteca de karité, Escualano",Ideal para piel mixta en cuidado crema hidratante,3.6
Amazon.com : COCUNAT - Wondermask - Cleansing Facial Mask ...,"https://m.media-amazon.com/images/I/51TXYRCxQBL._AC_UF1000,1000_QL80_.jpg",Amazon.com : COCUNAT - Wondermask - Cleansing Facial Mask ...,https://www.amazon.com/COCUNAT-Wondermask-Detoxifies-Exfoliates-Combination/dp/B0BGPQ2TB8,Mixta,mascarilla facial,55.88 €,"Pepino, Carbón activado, Arcilla blanca, Vitamina C",Ideal para piel mixta en cuidado mascarilla facial,3.7
Amazon.com: Freeman Mascarilla facial de gel renovador de pepino ...,"https://m.media-amazon.com/images/I/41UhZNQMJ6L._AC_UF1000,1000_QL80_.jpg",Amazon.com: Freeman Mascarilla facial de gel renovador de pepino ...,https://www.amazon.com/-/es/Mascarilla-renovador-despegable-mascarilla-rejuvenece/dp/B0D14YH5LP,Mixta,mascarilla facial,82.02 €,"Arcilla blanca, Ácido láctico",Ideal para piel mixta en cuidado mascarilla facial,4.0
Amazon.com: Nourished3 Máscara facial especialmente para pieles ...,"https://m.media-amazon.com/images/I/41sIU2U6z0L._AC_UF1000,1000_QL80_.jpg",Amazon.com: Nourished3 Máscara facial especialmente para pieles ...,https://www.amazon.com/-/es/Nourished3-especialmente-propensas-Mascarilla-salic%C3%ADlico/dp/B0BYNW883Q,Mixta,mascarilla facial,41.47 €,"Carbón activado, Ácido láctico, Pepino, Arcilla blanca",Ideal para piel mixta en cuidado mascarilla facial,3.8
Amazon.com: FREEMAN Mascarilla facial de gel renovador de pepino ...,"https://m.media-amazon.com/images/I/51SRrtS9H4L._AC_UF1000,1000_QL80_.jpg",Amazon.com: FREEMAN Mascarilla facial de gel renovador de pepino ...,https://www.amazon.com/-/es/Mascarilla-renovador-despegable-mascarilla-rejuvenece/dp/B0BV63RLYH,Mixta,mascarilla facial,36.64 €,"Carbón activado, Arcilla blanca",Ideal para piel mixta en cuidado mascarilla facial,3.4
Amazon.com: Nourished3 Máscara facial especialmente para pieles ...,https://m.media-amazon.com/images/I/41sIU2U6z0L.jpg,Amazon.com: Nourished3 Máscara facial especialmente para pieles ...,https://www.amazon.com/-/es/Nourished3-especialmente-propensas-Mascarilla-salic%C3%ADlico/dp/B0BYNW883Q,Mixta,mascarilla facial,40.37 €,"Carbón activado, Vitamina C, Ácido láctico, Pepino",Ideal para piel mixta en cuidado mascarilla facial,4.9
Amazon.com: JUMISO Suero facial súper calmante de cica y aloe ...,https://m.media-amazon.com/images/I/41DOz5FDidL.jpg,Amazon.com: JUMISO Suero facial súper calmante de cica y aloe ...,https://www.amazon.com/-/es/calmante-hidratante-revitalizante-cuidado-l%C3%ADquidas/dp/B08JPZ8MKX,Mixta,serum,24.69 €,"Ácido glicólico, Niacinamida",Ideal para piel mixta en cuidado serum,4.5
Amazon.com: JUMISO Suero facial súper calmante de cica y aloe ...,"https://m.media-amazon.com/images/I/41DOz5FDidL._AC_UF1000,1000_QL80_.jpg",Amazon.com: JUMISO Suero facial súper calmante de cica y aloe ...,https://www.amazon.com/-/es/calmante-hidratante-revitalizante-cuidado-l%C3%ADquidas/dp/B08JPZ8MKX,Mixta,serum,12.51 €,"Retinol, Ácido glicólico",Ideal para piel mixta en cuidado serum,4.7
"Amazon.com: Splendor Radiant Facial Serum, Hyaluronic Acid and ...",https://m.media-amazon.com/images/I/71CXkt24XDL.jpg,"Amazon.com: Splendor Radiant Facial Serum, Hyaluronic Acid and ...",https://www.amazon.com/Splendor-Hyaluronic-Revitalizing-replenish-appearance/dp/B09ZBBJ6PB,Mixta,serum,63.64 €,"Retinol, Ácido ferúlico, Vitamina C, Niacinamida",Ideal para piel mixta en cuidado serum,3.1
Amazon.com: Dark Spot Corrector bio10 Forte with Vitamin C & B ...,https://m.media-amazon.com/images/I/71T43GQUmgL.jpg,Amazon.com: Dark Spot Corrector bio10 Forte with Vitamin C & B ...,https://www.amazon.com/Intensive-Corrector-Dropper-moisturize-Lullage/dp/B09ZBLJVT4,Mixta,serum,104.21 €,"Vitamina C, Ácido ferúlico",Ideal para piel mixta en cuidado serum,4.5
Amazon.com: Dark Spot Corrector bio10 Forte with Vitamin C & B ...,"https://m.media-amazon.com/images/I/71T43GQUmgL._AC_UF1000,1000_QL80_.jpg",Amazon.com: Dark Spot Corrector bio10 Forte with Vitamin C & B ...,https://www.amazon.com/Intensive-Corrector-Dropper-moisturize-Lullage/dp/B09ZBLJVT4,Mixta,serum,63.23 €,"Ácido ferúlico, Vitamina C, Retinol",Ideal para piel mixta en cuidado serum,4.9
Amazon.com: CeraVe Protector solar 100% mineral Spf 50 | Protector ...,https://m.media-amazon.com/images/I/61LI1Vay5dL.jpg,Amazon.com: CeraVe Protector solar 100% mineral Spf 50 | Protector ...,https://www.amazon.com/-/es/Protector-mineral-di%C3%B3xido-titanio-sensibles/dp/B07P6YLL7C,Mixta,protector solar,115.13 €,"Ácido hialurónico, Óxido de zinc, Dióxido de titanio, Alantoína",Ideal para piel mixta en cuidado protector solar,4.5
Amazon.com: BELLA AURORA GEL SOLAR SPF 50 ANTIMANCAS PIEL MIXTA ...,https://m.media-amazon.com/images/I/61Z9Fd5FRVL.jpg,Amazon.com: BELLA AURORA GEL SOLAR SPF 50 ANTIMANCAS PIEL MIXTA ...,https://www.amazon.com/-/es/BELLA-AURORA-SOLAR-ANTIMANCAS-MIXTA-GRASA/dp/B01EODHKFG,Mixta,protector solar,148.33 €,"Ácido hialurónico, Óxido de zinc, Dióxido de titanio",Ideal para piel mixta en cuidado protector solar,4.4
Amazon.com : Face Sun Protection : Beauty & Personal Care,https://m.media-amazon.com/images/I/617AqvOuE5S.jpg,Amazon.com : Face Sun Protection : Beauty & Personal Care,https://www.amazon.com/Nivea-Facial-Sun-Cream-SPF/dp/B07CM8YCZ5,Mixta,protector solar,82.12 €,"Óxido de zinc, Vitamina E, Alantoína",Ideal para piel mixta en cuidado protector solar,3.6
Amazon.com: Heliocare 360 Oil-Free Gel SPF50 50ml / Gel Sunscreen ...,"https://m.media-amazon.com/images/I/71194JhNyjL._AC_UF1000,1000_QL80_.jpg",Amazon.com: Heliocare 360 Oil-Free Gel SPF50 50ml / Gel Sunscreen ...,https://www.amazon.com/Heliocare-Sunscreen-Infrared-Anti-Ageing-Protection/dp/B07D8SQHJ3,Mixta,protector solar,103.69 €,"Ácido hialurónico, Alantoína, Vitamina E",Ideal para piel mixta en cuidado protector solar,4.9
Amazon.com: La Roche-Posay Anthelios - Protector solar ultraligero ...,"https://m.media-amazon.com/images/I/61w2K-oV6UL._AC_UF1000,1000_QL80_.jpg",Amazon.com: La Roche-Posay Anthelios - Protector solar ultraligero ...,https://www.amazon.com/-/es/Roche-Posay-Anthelios-ultraligero-resistente-protecci%C3%B3n/dp/B007EUSL5U,Mixta,protector solar,80.67 €,"Óxido de zinc, Vitamina E",Ideal para piel mixta en cuidado protector solar,4.3
Amazon.com: Ongaro Beauty Exfoliante facial orgánico - Exfoliante ...,"https://m.media-amazon.com/images/I/71OSOef1T9L._AC_UF1000,1000_QL80_.jpg",Amazon.com: Ongaro Beauty Exfoliante facial orgánico - Exfoliante ...,https://www.amazon.com/-/es/Ongaro-Beauty-Exfoliante-facial-org%C3%A1nico/dp/B01MZ8D0Z3,Mixta,exfoliante,130.83 €,"Jojoba, Bambú micronizado",Ideal para piel mixta en cuidado exfoliante,4.0
Amazon.com: Ongaro Beauty Exfoliante facial orgánico - Exfoliante ...,https://m.media-amazon.com/images/I/71OSOef1T9L.jpg,Amazon.com: Ongaro Beauty Exfoliante facial orgánico - Exfoliante ...,https://www.amazon.com/-/es/Ongaro-Beauty-Exfoliante-facial-org%C3%A1nico/dp/B01MZ8D0Z3,Mixta,exfoliante,29.52 €,"Ácido salicílico, Bambú micronizado",Ideal para piel mixta en cuidado exfoliante,4.0
Amazon.com: Ongaro Beauty Exfoliante facial orgánico - Exfoliante ...,"https://images-na.ssl-images-amazon.com/images/I/71OSOef1T9L._AC_UL210_SR210,210_.jpg",Amazon.com: Ongaro Beauty Exfoliante facial orgánico - Exfoliante ...,https://www.amazon.com/-/es/Ongaro-Beauty-Exfoliante-facial-org%C3%A1nico/dp/B01MZ8D0Z3,Mixta,exfoliante,67.05 €,"Ácido glicólico, Jojoba, Ácido salicílico, Bambú micronizado",Ideal para piel mixta en cuidado exfoliante,3.5
Amazon.com: Neutrogena Oil Free Pink Grapefruit Acne Face Wash ...,https://m.media-amazon.com/images/I/51oIUcFppgL.jpg,Amazon.com: Neutrogena Oil Free Pink Grapefruit Acne Face Wash ...,https://www.amazon.com/Neutrogena-Oil-Free-Grapefruit-Salicylic-Treatment/dp/B005IHTMLS,Mixta,exfoliante,104.12 €,"Ácido salicílico, Bambú micronizado, Jojoba",Ideal para piel mixta en cuidado exfoliante,4.0
"Amazon.com: Acure Exfoliante facial iluminador, 4 onzas líquidas ...","https://m.media-amazon.com/images/I/51zykKsBrVL._AC_UF1000,1000_QL80_.jpg","Amazon.com: Acure Exfoliante facial iluminador, 4 onzas líquidas ...",https://www.amazon.com/-/es/Exfoliante-iluminador-l%C3%ADquidas-francesa-desintoxica/dp/B003Z4OD24,Mixta,exfoliante,121.58 €,"AHA/BHA, Ácido glicólico",Ideal para piel mixta en cuidado exfoliante,3.9
Amazon.com: CeraVe Tónico hidratante para rostro sin alcohol con ...,https://m.media-amazon.com/images/I/61I5vVH68JL.jpg,Amazon.com: CeraVe Tónico hidratante para rostro sin alcohol con ...,https://www.amazon.com/-/es/hidratante-hialur%C3%B3nico-niacinamida-ceramidas-comedog%C3%A9nico/dp/B09LKXR62L,Mixta,tónico facial,8.94 €,"Hamamelis, Pepino",Ideal para piel mixta en cuidado tónico facial,3.5
Amazon.com: Askshy Tonique Facial à l'eucerine 200 millilitres : Baby,"https://m.media-amazon.com/images/I/61V1nmkg2eL._AC_UF1000,1000_QL80_.jpg",Amazon.com: Askshy Tonique Facial à l'eucerine 200 millilitres : Baby,https://www.amazon.com/Askshy-Tonique-Facial-leucerine-millilitres/dp/B08KH4WZJG,Mixta,tónico facial,78.65 €,"Hamamelis, Pepino, Glicerina",Ideal para piel mixta en cuidado tónico facial,3.8
Amazon.com: Askshy Tonique Facial à l'eucerine 200 millilitres : Baby,https://m.media-amazon.com/images/I/61V1nmkg2eL.jpg,Amazon.com: Askshy Tonique Facial à l'eucerine 200 millilitres : Baby,https://www.amazon.com/Askshy-Tonique-Facial-leucerine-millilitres/dp/B08KH4WZJG,Mixta,tónico facial,58.4 €,"Ácido láctico, Pepino, Niacinamida, Glicerina",Ideal para piel mixta en cuidado tónico facial,4.0
Amazon.com: Askshy Tonique Facial à l'eucerine 200 millilitres : Baby,https://m.media-amazon.com/images/I/718cn5y75EL.jpg,Amazon.com: Askshy Tonique Facial à l'eucerine 200 millilitres : Baby,https://www.amazon.com/Askshy-Tonique-Facial-leucerine-millilitres/dp/B08KH4WZJG,Mixta,tónico facial,122.66 €,"Ácido láctico, Glicerina",Ideal para piel mixta en cuidado tónico facial,3.8
Amazon.com: RUSENS - Tratamiento para el acné : Belleza y Cuidado ...,https://m.media-amazon.com/images/I/51KuM2y89pL.jpg,Amazon.com: RUSENS - Tratamiento para el acné : Belleza y Cuidado ...,https://www.amazon.com/-/es/RUSENS-Tratamiento-para-el-acn%C3%A9/dp/B07QN8C75G,Mixta,tónico facial,138.26 €,"Ácido láctico, Glicerina, Pepino",Ideal para piel mixta en cuidado tónico facial,4.7
Amazon.com: Good Molecules Aceite de Bakuchiol para piel grasa ...,https://m.media-amazon.com/images/I/71r58q3OXIL.jpg,Amazon.com: Good Molecules Aceite de Bakuchiol para piel grasa ...,https://www.amazon.com/-/es/Molecules-Aceite-Bakuchiol-grasa-antienvejecimiento/dp/B0BX3K2216,Mixta,aceite facial,127.95 €,"Escualano, Vitamina E",Ideal para piel mixta en cuidado aceite facial,4.0
"Amazon.com: Aceite facial sin perfume para masaje Gua Sha, seguro ...","https://m.media-amazon.com/images/I/71rxVLJqZ0L._AC_UF1000,1000_QL80_.jpg","Amazon.com: Aceite facial sin perfume para masaje Gua Sha, seguro ...",https://www.amazon.com/-/es/Aceite-perfume-propensa-obstruye-natural/dp/B0CMK58H72,Mixta,aceite facial,14.62 €,"Escualano, Vitamina E, Aceite de argán",Ideal para piel mixta en cuidado aceite facial,4.9
"Amazon.com: Good Molecules Aceite facial ultrahidratante, aceite ...","https://m.media-amazon.com/images/I/71y81tV2uDL._AC_UF1000,1000_QL80_.jpg","Amazon.com: Good Molecules Aceite facial ultrahidratante, aceite ...",https://www.amazon.com/-/es/Molecules-ultrahidratante-hidratante-cuidado-amarillo/dp/B09Q2XKWZ1,Mixta,aceite facial,16.13 €,"Aceite de rosa mosqueta, Aceite de argán, Aceite de jojoba, Vitamina E",Ideal para piel mixta en cuidado aceite facial,4.5
Amazon.com: Good Molecules Aceite de Bakuchiol para piel grasa ...,"https://m.media-amazon.com/images/I/71r58q3OXIL._AC_UF1000,1000_QL80_.jpg",Amazon.com: Good Molecules Aceite de Bakuchiol para piel grasa ...,https://www.amazon.com/-/es/Molecules-Aceite-Bakuchiol-grasa-antienvejecimiento/dp/B0BX3K2216,Mixta,aceite facial,107.85 €,"Aceite de rosa mosqueta, Vitamina E, Escualano",Ideal para piel mixta en cuidado aceite facial,4.5
"Amazon.com: Aceite facial sin perfume para masaje Gua Sha, seguro ...","https://m.media-amazon.com/images/I/81IWZPwL+pL._AC_UF1000,1000_QL80_.jpg","Amazon.com: Aceite facial sin perfume para masaje Gua Sha, seguro ...",https://www.amazon.com/-/es/Aceite-perfume-propensa-obstruye-natural/dp/B0CMK58H72,Mixta,aceite facial,44.96 €,"Escualano, Aceite de jojoba, Aceite de rosa mosqueta",Ideal para piel mixta en cuidado aceite facial,4.5
Amazon.com: Neutrogena Limpiador facial diario ultra suave de ...,https://m.media-amazon.com/images/I/61yahktj7eL.jpg,Amazon.com: Neutrogena Limpiador facial diario ultra suave de ...,https://www.amazon.com/-/es/Neutrogena-Limpiador-transforma-suavemente-hipoalerg%C3%A9nico/dp/B0D6HSCPD1,Sensible,limpiador facial,59.55 €,"Agua micelar, Glicerina",Ideal para piel sensible en cuidado limpiador facial,3.9
Amazon.com: La Roche-Posay -Toleriane Limpiador facial ...,"https://m.media-amazon.com/images/I/717F3ObzIeL._AC_UF1000,1000_QL80_.jpg",Amazon.com: La Roche-Posay -Toleriane Limpiador facial ...,https://www.amazon.com/-/es/Roche-Posay-Toleriane-Limpiador-purificador-sensible/dp/B01N34XW93,Sensible,limpiador facial,61.25 €,"Agua micelar, Ácido salicílico, Niacinamida, Glicerina",Ideal para piel sensible en cuidado limpiador facial,3.7
Amazon.com: Cure by Toyo - Exfoliante suave Aqua Gel | Piel clara ...,"https://m.media-amazon.com/images/I/514+XS55+gL._AC_UF1000,1000_QL80_.jpg",Amazon.com: Cure by Toyo - Exfoliante suave Aqua Gel | Piel clara ...,https://www.amazon.com/-/es/Cure-Toyo-Exfoliante-Limpiador-corporal/dp/B001ABLKK2,Sensible,limpiador facial,111.93 €,"Niacinamida, Agua micelar, Glicerina",Ideal para piel sensible en cuidado limpiador facial,4.9
"Amazon.com: Jabón facial de espuma suave, limpiador facial de ...","https://m.media-amazon.com/images/I/71BIj7NOS0L._AC_UF1000,1000_QL80_.jpg","Amazon.com: Jabón facial de espuma suave, limpiador facial de ...",https://www.amazon.com/-/es/limpiador-limpieza-hidratante-irritante-sensibles/dp/B0DGG6Z4F8,Sensible,limpiador facial,4.76 €,"Ácido salicílico, Agua micelar, Extracto de té verde",Ideal para piel sensible en cuidado limpiador facial,4.3
Amazon.com: iUNIK Suero de alivio de árbol de té y centella ...,"https://m.media-amazon.com/images/I/71uNFvvX77L._AC_UF1000,1000_QL80_.jpg",Amazon.com: iUNIK Suero de alivio de árbol de té y centella ...,https://www.amazon.com/-/es/centella-limpiador-espumante-pegajoso-equilibrador/dp/B0D3T92B98,Sensible,limpiador facial,32.57 €,"Glicerina, Ácido salicílico, Agua micelar",Ideal para piel sensible en cuidado limpiador facial,3.5
"Amazon.com: Eucerin Crema de noche Skin Balance, hidratante facial ...",https://m.media-amazon.com/images/I/61Qg8kNAQ3L.jpg,"Amazon.com: Eucerin Crema de noche Skin Balance, hidratante facial ...",https://www.amazon.com/-/es/hidratante-sensible-enriquecida-complejo-Tri-Balance/dp/B0B29F1JGR,Sensible,crema hidratante,141.96 €,"Aloe vera, Ácido hialurónico, Ceramidas, Manteca de karité",Ideal para piel sensible en cuidado crema hidratante,3.8
Amazon.com: ISDIN Isdinceutics Hialurónico Hidratante facial ...,"https://m.media-amazon.com/images/I/51gVLccwbGL._AC_UF1000,1000_QL80_.jpg",Amazon.com: ISDIN Isdinceutics Hialurónico Hidratante facial ...,https://www.amazon.com/-/es/Isdinceutics-Hialur%C3%B3nico-Hidratante-calmante-hialur%C3%B3nico/dp/B09ZPK9S7B,Sensible,crema hidratante,117.81 €,"Aloe vera, Ceramidas, Escualano, Ácido hialurónico",Ideal para piel sensible en cuidado crema hidratante,4.9
Amazon.com: Bioderma - Crema facial - Hydrabio - Crema hidratante ...,https://m.media-amazon.com/images/I/51x2d2eYFIL.jpg,Amazon.com: Bioderma - Crema facial - Hydrabio - Crema hidratante ...,https://www.amazon.com/-/es/Bioderma-hidratante-Proporciona-luminosidad-sensibles/dp/B01AZR98HI,Sensible,crema hidratante,73.78 €,"Manteca de karité, Escualano, Ácido hialurónico",Ideal para piel sensible en cuidado crema hidratante,4.9
"Amazon.com: Eucerin Crema de día Skin Balance, hidratante facial ...","https://m.media-amazon.com/images/I/61oC0vqORoL._AC_UF1000,1000_QL80_.jpg","Amazon.com: Eucerin Crema de día Skin Balance, hidratante facial ...",https://www.amazon.com/-/es/hidratante-sensible-enriquecida-complejo-Tri-Balance/dp/B0B29GN7QW,Sensible,crema hidratante,13.94 €,"Manteca de karité, Aloe vera",Ideal para piel sensible en cuidado crema hidratante,4.3
Amazon.com: Obagi Hydrate Luxe - Hidratante facial ultra rico - No ...,"https://m.media-amazon.com/images/I/61gi6MprKTL._AC_UF1000,1000_QL80_.jpg",Amazon.com: Obagi Hydrate Luxe - Hidratante facial ultra rico - No ...,https://www.amazon.com/-/es/Obagi-Hydrate-Luxe-comedog%C3%A9nico-biomim%C3%A9ticos/dp/B00GR835AG,Sensible,crema hidratante,14.11 €,"Ceramidas, Manteca de karité",Ideal para piel sensible en cuidado crema hidratante,4.5
Amazon.com: Kit de iniciación de máscara hidratante para el ...,https://m.media-amazon.com/images/I/71EVcAkQ+xL.jpg,Amazon.com: Kit de iniciación de máscara hidratante para el ...,https://www.amazon.com/-/es/iniciaci%C3%B3n-hidratante-sensible-mascarilla-col%C3%A1geno/dp/B0CD17TFFX,Sensible,mascarilla facial,36.19 €,"Carbón activado, Vitamina C, Pepino, Ácido láctico",Ideal para piel sensible en cuidado mascarilla facial,3.1
Amazon.com: Kit de iniciación de máscara hidratante para el ...,"https://m.media-amazon.com/images/I/71EVcAkQ+xL._AC_UF1000,1000_QL80_.jpg",Amazon.com: Kit de iniciación de máscara hidratante para el ...,https://www.amazon.com/-/es/iniciaci%C3%B3n-hidratante-sensible-mascarilla-col%C3%A1geno/dp/B0CD17TFFX,Sensible,mascarilla facial,59.31 €,"Arcilla blanca, Carbón activado, Vitamina C",Ideal para piel sensible en cuidado mascarilla facial,4.8
Amazon.com: Meleell Juego de mascarillas faciales de oro de panal ...,"https://m.media-amazon.com/images/I/91KELthJsIL._AC_UF1000,1000_QL80_.jpg",Amazon.com: Meleell Juego de mascarillas faciales de oro de panal ...,https://www.amazon.com/-/es/mascarillas-faciales-quilates-mascarilla-nutritiva/dp/B0B65QZW57,Sensible,mascarilla facial,8.42 €,"Ácido láctico, Vitamina C, Pepino",Ideal para piel sensible en cuidado mascarilla facial,3.1
Amazon.com: Meleell Juego de mascarillas faciales de oro de panal ...,https://m.media-amazon.com/images/I/91KELthJsIL.jpg,Amazon.com: Meleell Juego de mascarillas faciales de oro de panal ...,https://www.amazon.com/-/es/mascarillas-faciales-quilates-mascarilla-nutritiva/dp/B0B65QZW57,Sensible,mascarilla facial,109.55 €,"Arcilla blanca, Pepino, Ácido láctico, Carbón activado",Ideal para piel sensible en cuidado mascarilla facial,4.7
"Amazon.com: NEURADERM Mascarilla facial calmante profunda, suero ...","https://m.media-amazon.com/images/I/512YalYf90L._AC_UF1000,1000_QL80_.jpg","Amazon.com: NEURADERM Mascarilla facial calmante profunda, suero ...",https://www.amazon.com/-/es/NEURADERM-Mascarilla-calmante-profunda-hidratante/dp/B0CDPDLDS6,Sensible,mascarilla facial,91.18 €,"Pepino, Carbón activado",Ideal para piel sensible en cuidado mascarilla facial,3.9
"Amazon.com: ANAI RUI Bakuchiol - Suero facial para cara, suero ...",https://m.media-amazon.com/images/I/61ztmDnoldL.jpg,"Amazon.com: ANAI RUI Bakuchiol - Suero facial para cara, suero ...",https://www.amazon.com/-/es/ANAI-RUI-Bakuchiol-alternativo-antienvejecimiento/dp/B0CT4H55TL,Sensible,serum,139.91 €,"Vitamina C, Ácido glicólico, Ácido ferúlico",Ideal para piel sensible en cuidado serum,3.2
"Amazon.com: ANAI RUI Bakuchiol - Suero facial para cara, suero ...","https://m.media-amazon.com/images/I/61ztmDnoldL._AC_UF1000,1000_QL80_.jpg","Amazon.com: ANAI RUI Bakuchiol - Suero facial para cara, suero ...",https://www.amazon.com/-/es/ANAI-RUI-Bakuchiol-alternativo-antienvejecimiento/dp/B0CT4H55TL,Sensible,serum,111.34 €,"Niacinamida, Ácido ferúlico, Ácido glicólico",Ideal para piel sensible en cuidado serum,3.0
"Amazon.com: ANAI RUI Bakuchiol - Suero facial para cara, suero ...",https://m.media-amazon.com/images/I/41HopkGBjSL._AC_.jpg,"Amazon.com: ANAI RUI Bakuchiol - Suero facial para cara, suero ...",https://www.amazon.com/-/es/ANAI-RUI-Bakuchiol-alternativo-antienvejecimiento/dp/B0CT4H55TL,Sensible,serum,25.05 €,"Vitamina C, Niacinamida",Ideal para piel sensible en cuidado serum,4.9
Amazon.com: Kit de iniciación de máscara hidratante para el ...,"https://m.media-amazon.com/images/I/71EVcAkQ+xL._AC_UF1000,1000_QL80_.jpg",Amazon.com: Kit de iniciación de máscara hidratante para el ...,https://www.amazon.com/-/es/iniciaci%C3%B3n-hidratante-sensible-mascarilla-col%C3%A1geno/dp/B0CD17TFFX,Sensible,serum,41.87 €,"Retinol, Niacinamida, Ácido ferúlico, Vitamina C",Ideal para piel sensible en cuidado serum,3.4
Amazon.com: SUNGBOON EDITOR Crema antiarrugas de colágeno profundo ...,https://m.media-amazon.com/images/I/71ihqd5O+CL.jpg,Amazon.com: SUNGBOON EDITOR Crema antiarrugas de colágeno profundo ...,https://www.amazon.com/-/es/SUNGBOON-antiarrugas-niacinamida-Hidratante-sensibles/dp/B0CRDQPLCM,Sensible,serum,6.98 €,"Ácido glicólico, Retinol",Ideal para piel sensible en cuidado serum,3.4
Amazon.com: CeraVe Protector solar 100% mineral Spf 50 | Protector ...,https://m.media-amazon.com/images/I/61LI1Vay5dL.jpg,Amazon.com: CeraVe Protector solar 100% mineral Spf 50 | Protector ...,https://www.amazon.com/-/es/Protector-mineral-di%C3%B3xido-titanio-sensibles/dp/B07P6YLL7C,Sensible,protector solar,43.51 €,"Óxido de zinc, Dióxido de titanio",Ideal para piel sensible en cuidado protector solar,3.3
Amazon.com: Loción protector solar para piel sensible por ...,https://m.media-amazon.com/images/I/71QnX+uaQML.jpg,Amazon.com: Loción protector solar para piel sensible por ...,https://www.amazon.com/-/es/Loci%C3%B3n-protector-sensible-Neutrogena-paquete/dp/B001P97U6C,Sensible,protector solar,134.6 €,"Dióxido de titanio, Óxido de zinc, Vitamina E, Alantoína",Ideal para piel sensible en cuidado protector solar,4.4
Amazon.com: La Roche-Posay Anthelios Light Fluid Face Protector ...,"https://m.media-amazon.com/images/I/615iyGHoCHL._AC_UF1000,1000_QL80_.jpg",Amazon.com: La Roche-Posay Anthelios Light Fluid Face Protector ...,https://www.amazon.com/-/es/Roche-Posay-Anthelios-Protector-oxibenzona-comedog%C3%A9nico/dp/B002CML1XE,Sensible,protector solar,141.74 €,"Vitamina E, Alantoína, Dióxido de titanio",Ideal para piel sensible en cuidado protector solar,3.6
Amazon.com: EltaMD Protector solar facial tintado transparente UV ...,"https://m.media-amazon.com/images/I/71VU0anIBSL._AC_UF1000,1000_QL80_.jpg",Amazon.com: EltaMD Protector solar facial tintado transparente UV ...,https://www.amazon.com/-/es/Protector-transparente-protector-sensible-recomendado/dp/B00ZPWR0N8,Sensible,protector solar,122.41 €,"Dióxido de titanio, Ácido hialurónico, Óxido de zinc, Alantoína",Ideal para piel sensible en cuidado protector solar,4.0
Amazon.com: Eucerin Loción de protección solar facial mineral con ...,https://m.media-amazon.com/images/I/71Sv3HPSltL.jpg,Amazon.com: Eucerin Loción de protección solar facial mineral con ...,https://www.amazon.com/-/es/Eucerin-protecci%C3%B3n-protector-comedog%C3%A9nico-sensibles/dp/B0BF3831F6,Sensible,protector solar,34.95 €,"Vitamina E, Ácido hialurónico, Alantoína",Ideal para piel sensible en cuidado protector solar,3.2
Amazon.com: La Roche-Posay Exfoliante ultrafino para piel sensible ...,"https://m.media-amazon.com/images/I/71Ch3ssd+qL._AC_UF1000,1000_QL80_.jpg",Amazon.com: La Roche-Posay Exfoliante ultrafino para piel sensible ...,https://www.amazon.com/-/es/Roche-Posay-Exfoliante-exfoliante-part%C3%ADculas-ultrafinas/dp/B002WDKJZO,Sensible,exfoliante,121.99 €,"Jojoba, Ácido glicólico, Bambú micronizado",Ideal para piel sensible en cuidado exfoliante,3.1
Amazon.com: La Roche-Posay Exfoliante ultrafino para piel sensible ...,https://m.media-amazon.com/images/I/418J5HNB0tL._AC_.jpg,Amazon.com: La Roche-Posay Exfoliante ultrafino para piel sensible ...,https://www.amazon.com/-/es/Roche-Posay-Exfoliante-exfoliante-part%C3%ADculas-ultrafinas/dp/B002WDKJZO,Sensible,exfoliante,122.78 €,"Ácido salicílico, AHA/BHA",Ideal para piel sensible en cuidado exfoliante,3.5
"Amazon.com: Exfoliante facial suave, Dermappeal Daily por SKINN ...","https://m.media-amazon.com/images/I/61xgbYTqQZL._AC_UF1000,1000_QL80_.jpg","Amazon.com: Exfoliante facial suave, Dermappeal Daily por SKINN ...",https://www.amazon.com/-/es/Exfoliante-facial-suave-Dermappeal-Daily/dp/B0B7YKK9QX,Sensible,exfoliante,135.96 €,"Ácido salicílico, Jojoba",Ideal para piel sensible en cuidado exfoliante,3.0
Amazon.com: VLCC Exfoliante facial de papaya y albaricoque para ...,https://m.media-amazon.com/images/I/511y+6LOzKL.jpg,Amazon.com: VLCC Exfoliante facial de papaya y albaricoque para ...,https://www.amazon.com/-/es/Exfoliante-albaricoque-sensibles-limpiador-exfoliante/dp/B00HSYIKBC,Sensible,exfoliante,143.46 €,"Ácido glicólico, Ácido salicílico, Bambú micronizado",Ideal para piel sensible en cuidado exfoliante,4.2
Amazon.com: Onsen Secret Gel exfoliante exfoliante – Exfoliante ...,"https://m.media-amazon.com/images/I/71pmtQKehNL._AC_UF1000,1000_QL80_.jpg",Amazon.com: Onsen Secret Gel exfoliante exfoliante – Exfoliante ...,https://www.amazon.com/-/es/Onsen-Secret-Gel-exfoliante-blanqueador/dp/B002VI5Z5O,Sensible,exfoliante,79.91 €,"Bambú micronizado, AHA/BHA, Jojoba",Ideal para piel sensible en cuidado exfoliante,3.3
Amazon.com: Bioderma - Tónico facial Sensibio - Calmante e ...,"https://m.media-amazon.com/images/I/61eTV68zpCL._AC_UF1000,1000_QL80_.jpg",Amazon.com: Bioderma - Tónico facial Sensibio - Calmante e ...,https://www.amazon.com/-/es/Bioderma-Sensibio-Calmante-hidratante-sensibles/dp/B016PXEWMM,Sensible,tónico facial,19.57 €,"Glicerina, Hamamelis, Pepino",Ideal para piel sensible en cuidado tónico facial,3.6
Amazon.com: LOVB LOVB Tónico facial de grano de avena para piel ...,"https://m.media-amazon.com/images/I/71Vadp+AFqL._AC_UF1000,1000_QL80_.jpg",Amazon.com: LOVB LOVB Tónico facial de grano de avena para piel ...,https://www.amazon.com/-/es/sensible-hidratante-antiadherente-alcohol-coreana/dp/B0BR9NHW8P,Sensible,tónico facial,140.36 €,"Pepino, Niacinamida, Glicerina",Ideal para piel sensible en cuidado tónico facial,4.2
Amazon.com: Tónico facial de hidratación intensa con aloe vera ...,"https://m.media-amazon.com/images/I/81njtOz0KUL._AC_UF1000,1000_QL80_.jpg",Amazon.com: Tónico facial de hidratación intensa con aloe vera ...,https://www.amazon.com/-/es/T%C3%B3nico-facial-hidrataci%C3%B3n-intensa-org%C3%A1nico/dp/B0CJPHVB67,Sensible,tónico facial,35.08 €,"Hamamelis, Niacinamida, Ácido láctico",Ideal para piel sensible en cuidado tónico facial,4.5
Amazon.com: LOVB LOVB Tónico facial de grano de avena para piel ...,https://m.media-amazon.com/images/I/71Vadp+AFqL.jpg,Amazon.com: LOVB LOVB Tónico facial de grano de avena para piel ...,https://www.amazon.com/-/es/sensible-hidratante-antiadherente-alcohol-coreana/dp/B0BR9NHW8P,Sensible,tónico facial,5.4 €,"Hamamelis, Pepino",Ideal para piel sensible en cuidado tónico facial,4.5
Amazon.com: Aloderma Tónico facial calmante hecho con 91% aloe ...,"https://m.media-amazon.com/images/I/71nxJWq2r1L._AC_UF1000,1000_QL80_.jpg",Amazon.com: Aloderma Tónico facial calmante hecho con 91% aloe ...,https://www.amazon.com/-/es/Aloderma-calmante-org%C3%A1nico-alanto%C3%ADna-hialur%C3%B3nico/dp/B08WPXR2CW,Sensible,tónico facial,24.96 €,"Hamamelis, Glicerina, Pepino",Ideal para piel sensible en cuidado tónico facial,4.5
Amazon.com: Deluvia Hydrate & Glow - Aceite facial para piel seca ...,https://m.media-amazon.com/images/I/41zIWu69BrL.jpg,Amazon.com: Deluvia Hydrate & Glow - Aceite facial para piel seca ...,https://www.amazon.com/-/es/Deluvia-Hydrate-Glow-esenciales-hidratante/dp/B08B475GWB,Sensible,aceite facial,36.19 €,"Aceite de rosa mosqueta, Aceite de jojoba",Ideal para piel sensible en cuidado aceite facial,4.4
Amazon.com: Deluvia Hydrate & Glow - Aceite facial para piel seca ...,"https://m.media-amazon.com/images/I/41zIWu69BrL._AC_UF1000,1000_QL80_.jpg",Amazon.com: Deluvia Hydrate & Glow - Aceite facial para piel seca ...,https://www.amazon.com/-/es/Deluvia-Hydrate-Glow-esenciales-hidratante/dp/B08B475GWB,Sensible,aceite facial,4.34 €,"Aceite de rosa mosqueta, Vitamina E",Ideal para piel sensible en cuidado aceite facial,3.1
Amazon.com: Eve Taylor Aceite facial No. 1 Piel sensible (1.02 oz ...,"https://m.media-amazon.com/images/I/41R4Fip0uSL._AC_UF1000,1000_QL80_.jpg",Amazon.com: Eve Taylor Aceite facial No. 1 Piel sensible (1.02 oz ...,https://www.amazon.com/-/es/Taylor-Aceite-facial-Piel-sensible/dp/B000N2KJA6,Sensible,aceite facial,33.32 €,"Aceite de jojoba, Vitamina E, Aceite de argán",Ideal para piel sensible en cuidado aceite facial,4.3
Amazon.com: Aceite facial para piel sensible : Belleza y Cuidado ...,"https://m.media-amazon.com/images/I/61ksZFjRFxL._AC_UF1000,1000_QL80_.jpg",Amazon.com: Aceite facial para piel sensible : Belleza y Cuidado ...,https://www.amazon.com/-/es/Aceite-facial-para-piel-sensible/dp/B071SG1BLY,Sensible,aceite facial,101.73 €,"Vitamina E, Aceite de jojoba",Ideal para piel sensible en cuidado aceite facial,3.4
Amazon.com: HAYEJIN RiceFila - Tónico de arroz con aceite facial ...,"https://m.media-amazon.com/images/I/61Fyf6f9w2L._AC_UF1000,1000_QL80_.jpg",Amazon.com: HAYEJIN RiceFila - Tónico de arroz con aceite facial ...,https://www.amazon.com/-/es/HAYEJIN-RiceFila-coreano-hidratante-sensibles/dp/B08BG2F4B9,Sensible,aceite facial,26.75 €,"Escualano, Vitamina E",Ideal para piel sensible en cuidado aceite facial,4.0
Amazon.com: Limpiador facial La Roche-Posay Effaclar en gel ...,"https://m.media-amazon.com/images/I/61fD94+o7nL._AC_UF1000,1000_QL80_.jpg",Amazon.com: Limpiador facial La Roche-Posay Effaclar en gel ...,https://www.amazon.com/-/es/Limpiador-Roche-Posay-Effaclar-espumante-purificador/dp/B003JSEGNC,Normal,limpiador facial,139.57 €,"Ácido salicílico, Agua micelar, Niacinamida",Ideal para piel normal en cuidado limpiador facial,3.6
Amazon.com: La Roche-Posay -Toleriane Limpiador facial ...,"https://m.media-amazon.com/images/I/717F3ObzIeL._AC_UF1000,1000_QL80_.jpg",Amazon.com: La Roche-Posay -Toleriane Limpiador facial ...,https://www.amazon.com/-/es/Roche-Posay-Toleriane-Limpiador-purificador-sensible/dp/B01N34XW93,Normal,limpiador facial,87.38 €,"Ácido salicílico, Agua micelar, Glicerina",Ideal para piel normal en cuidado limpiador facial,4.9
Amazon.com: La Roche-Posay Toleraine - Set de cuidado de la piel ...,"https://m.media-amazon.com/images/I/61Rg5Lfdw6L._AC_UF1000,1000_QL80_.jpg",Amazon.com: La Roche-Posay Toleraine - Set de cuidado de la piel ...,https://www.amazon.com/-/es/Roche-Posay-Toleraine-Hidratante-reparaci%C3%B3n-hidratante/dp/B0BX1Z2VMW,Normal,limpiador facial,106.74 €,"Agua micelar, Glicerina, Niacinamida, Ácido salicílico",Ideal para piel normal en cuidado limpiador facial,3.2
Amazon.com: Obagi Nu-Derm Limpiador suave – Limpiador facial suave ...,"https://m.media-amazon.com/images/I/61AvDToUJDL._AC_UF1000,1000_QL80_.jpg",Amazon.com: Obagi Nu-Derm Limpiador suave – Limpiador facial suave ...,https://www.amazon.com/-/es/Obagi-Nu-Derm-Limpiador-suave-acumulaci%C3%B3n/dp/B07Y2L1P14,Normal,limpiador facial,121.41 €,"Glicerina, Agua micelar, Ácido salicílico",Ideal para piel normal en cuidado limpiador facial,4.5
Amazon.com: Obagi Nu-Derm - Limpiador suave que elimina las ...,"https://m.media-amazon.com/images/I/51de9-YCiWL._AC_UF1000,1000_QL80_.jpg",Amazon.com: Obagi Nu-Derm - Limpiador suave que elimina las ...,https://www.amazon.com/-/es/Obagi-Nu-Derm-Limpiador-impurezas-maquillaje/dp/B097QRTLNB,Normal,limpiador facial,50.5 €,"Agua micelar, Extracto de té verde, Niacinamida, Ácido salicílico",Ideal para piel normal en cuidado limpiador facial,3.6
Amazon.com: Bioderma - Crema facial - Hydrabio - Crema hidratante ...,https://m.media-amazon.com/images/I/51x2d2eYFIL.jpg,Amazon.com: Bioderma - Crema facial - Hydrabio - Crema hidratante ...,https://www.amazon.com/-/es/Bioderma-hidratante-Proporciona-luminosidad-sensibles/dp/B01AZR98HI,Normal,crema hidratante,41.36 €,"Aloe vera, Ácido hialurónico, Escualano",Ideal para piel normal en cuidado crema hidratante,3.7
Amazon.com: Florencia Crema hidratante ligera de salvia y cítricos ...,"https://m.media-amazon.com/images/I/7121b+dWJAL._AC_UF1000,1000_QL80_.jpg",Amazon.com: Florencia Crema hidratante ligera de salvia y cítricos ...,https://www.amazon.com/-/es/Florencia-hidratante-ligera-salvia-c%C3%ADtricos/dp/B00CFX4J8E,Normal,crema hidratante,70.85 €,"Ceramidas, Aloe vera, Ácido hialurónico",Ideal para piel normal en cuidado crema hidratante,3.5
Amazon.com: Neutrogena Hydro Boost - Paquete de cuidado de la piel ...,https://m.media-amazon.com/images/I/7175O69gQGL.jpg,Amazon.com: Neutrogena Hydro Boost - Paquete de cuidado de la piel ...,https://www.amazon.com/-/es/Neutrogena-Hydro-Boost-hidratante-fragancia/dp/B0CX3D74WT,Normal,crema hidratante,119.68 €,"Escualano, Aloe vera, Ácido hialurónico, Ceramidas",Ideal para piel normal en cuidado crema hidratante,4.4
"Amazon.com: OBENCHO Crema hidratante facial para piel seca, crema ...",https://m.media-amazon.com/images/I/71E4rnBwv1L.jpg,"Amazon.com: OBENCHO Crema hidratante facial para piel seca, crema ...",https://www.amazon.com/-/es/hidratante-polipept%C3%ADdica-absorci%C3%B3n-Hidrataci%C3%B3n-Hidratante/dp/B0CQNX476S,Normal,crema hidratante,53.39 €,"Ácido hialurónico, Aloe vera, Manteca de karité",Ideal para piel normal en cuidado crema hidratante,3.1
Amazon.com: Neutrogena Hydro Boost - Paquete de cuidado de la piel ...,"https://m.media-amazon.com/images/I/7175O69gQGL._AC_UF1000,1000_QL80_.jpg",Amazon.com: Neutrogena Hydro Boost - Paquete de cuidado de la piel ...,https://www.amazon.com/-/es/Neutrogena-Hydro-Boost-hidratante-fragancia/dp/B0CX3D74WT,Normal,crema hidratante,42.18 €,"Aloe vera, Ceramidas",Ideal para piel normal en cuidado crema hidratante,4.0
"Amazon.com: 7th Heaven Coconut Cream Mask, mascarilla facial con ...","https://m.media-amazon.com/images/I/81BtvYKA0nS._AC_UF1000,1000_QL80_.jpg","Amazon.com: 7th Heaven Coconut Cream Mask, mascarilla facial con ...",https://www.amazon.com/-/es/mascarilla-hidratar-profundamente-hidratante-humectaci%C3%B3n/dp/B08RHHX56J,Normal,mascarilla facial,122.21 €,"Arcilla blanca, Carbón activado, Pepino, Vitamina C",Ideal para piel normal en cuidado mascarilla facial,3.9
"Amazon.com: 7th Heaven Coconut Cream Mask, mascarilla facial con ...",https://m.media-amazon.com/images/I/81BtvYKA0nS.jpg,"Amazon.com: 7th Heaven Coconut Cream Mask, mascarilla facial con ...",https://www.amazon.com/-/es/mascarilla-hidratar-profundamente-hidratante-humectaci%C3%B3n/dp/B08RHHX56J,Normal,mascarilla facial,112.65 €,"Carbón activado, Pepino, Vitamina C, Ácido láctico",Ideal para piel normal en cuidado mascarilla facial,3.8
Amazon.com: Freeman Mascarilla facial de gel renovador de pepino ...,"https://m.media-amazon.com/images/I/41UhZNQMJ6L._AC_UF1000,1000_QL80_.jpg",Amazon.com: Freeman Mascarilla facial de gel renovador de pepino ...,https://www.amazon.com/-/es/Mascarilla-renovador-despegable-mascarilla-rejuvenece/dp/B0D14YH5LP,Normal,mascarilla facial,51.56 €,"Vitamina C, Arcilla blanca, Pepino",Ideal para piel normal en cuidado mascarilla facial,3.4
Amazon.com: Mary Kay Mascarilla facial Botanical Effects Formula 2 ...,"https://m.media-amazon.com/images/I/61FC0oi4+aL._AC_UF1000,1000_QL80_.jpg",Amazon.com: Mary Kay Mascarilla facial Botanical Effects Formula 2 ...,https://www.amazon.com/-/es/Mascarilla-facial-Botanical-Effects-Formula/dp/B079P9YRKN,Normal,mascarilla facial,5.15 €,"Vitamina C, Pepino, Carbón activado",Ideal para piel normal en cuidado mascarilla facial,4.1
Amazon.com: New York Biology - Mascarilla facial de carbón ...,https://m.media-amazon.com/images/I/71-8X+dhzXL.jpg,Amazon.com: New York Biology - Mascarilla facial de carbón ...,https://www.amazon.com/-/es/New-York-Biology-Mascarilla-mascarilla/dp/B0B1F5S177,Normal,mascarilla facial,91.86 €,"Ácido láctico, Pepino",Ideal para piel normal en cuidado mascarilla facial,3.1
Amazon.com: The Ordinary Facial Treatment Set! Includes Vitamin C ...,"https://m.media-amazon.com/images/I/61zrbXUnMfL._AC_UF1000,1000_QL80_.jpg",Amazon.com: The Ordinary Facial Treatment Set! Includes Vitamin C ...,https://www.amazon.com/Ordinary-Treatment-Hyaluronic-Serum-Niacinamide/dp/B07X7WLCJ5,Normal,serum,51.01 €,"Retinol, Niacinamida",Ideal para piel normal en cuidado serum,3.3
Amazon.com: The Ordinary Face Serum Set! 100% Plant-Derived ...,https://m.media-amazon.com/images/I/61G-HZ57fOL.jpg,Amazon.com: The Ordinary Face Serum Set! 100% Plant-Derived ...,https://www.amazon.com/Ordinary-Serum-Plant-Derived-Niacinamide-Hyaluronic/dp/B07X8L88TR,Normal,serum,59.69 €,"Ácido glicólico, Niacinamida",Ideal para piel normal en cuidado serum,3.8
Amazon.com: JUMISO Suero facial súper calmante de cica y aloe ...,https://m.media-amazon.com/images/I/41DOz5FDidL.jpg,Amazon.com: JUMISO Suero facial súper calmante de cica y aloe ...,https://www.amazon.com/-/es/calmante-hidratante-revitalizante-cuidado-l%C3%ADquidas/dp/B08JPZ8MKX,Normal,serum,123.94 €,"Ácido glicólico, Vitamina C, Retinol",Ideal para piel normal en cuidado serum,3.1
Amazon.com: L'Oreal Paris Revitalift 1.5% Pure Hyaluronic Acid ...,https://m.media-amazon.com/images/I/71IoE52LztL.jpg,Amazon.com: L'Oreal Paris Revitalift 1.5% Pure Hyaluronic Acid ...,https://www.amazon.com/Hyaluronic-LOreal-Paris-Revitalift-Intensives/dp/B07GVCVYB9,Normal,serum,16.76 €,"Niacinamida, Ácido glicólico, Vitamina C, Retinol",Ideal para piel normal en cuidado serum,3.3
"Amazon.com: The INKEY List Beta Hydroxy Acid (BHA) Serum, Face ...","https://m.media-amazon.com/images/I/5101c3q-3lL._AC_UF1000,1000_QL80_.jpg","Amazon.com: The INKEY List Beta Hydroxy Acid (BHA) Serum, Face ...",https://www.amazon.com/INKEY-List-Hydroxy-Exfoliant-Blackheads/dp/B09PP2TR67,Normal,serum,128.17 €,"Retinol, Ácido ferúlico, Ácido glicólico",Ideal para piel normal en cuidado serum,3.7
Amazon.com: CeraVe Protector solar 100% mineral Spf 50 | Protector ...,https://m.media-amazon.com/images/I/61LI1Vay5dL.jpg,Amazon.com: CeraVe Protector solar 100% mineral Spf 50 | Protector ...,https://www.amazon.com/-/es/Protector-mineral-di%C3%B3xido-titanio-sensibles/dp/B07P6YLL7C,Normal,protector solar,76.07 €,"Dióxido de titanio, Óxido de zinc, Vitamina E",Ideal para piel normal en cuidado protector solar,4.2
Amazon.com: CeraVe Protector solar 100% mineral Spf 50 | Protector ...,"https://m.media-amazon.com/images/I/61LI1Vay5dL._AC_UF1000,1000_QL80_.jpg",Amazon.com: CeraVe Protector solar 100% mineral Spf 50 | Protector ...,https://www.amazon.com/-/es/Protector-mineral-di%C3%B3xido-titanio-sensibles/dp/B07P6YLL7C,Normal,protector solar,112.18 €,"Alantoína, Vitamina E, Óxido de zinc",Ideal para piel normal en cuidado protector solar,3.8
Amazon.com: EltaMD - Protector solar facial para uso diario con ...,"https://m.media-amazon.com/images/I/61Z1ahoxjIL._AC_UF1000,1000_QL80_.jpg",Amazon.com: EltaMD - Protector solar facial para uso diario con ...,https://www.amazon.com/-/es/EltaMD-Protector-facial-protecci%C3%B3n-espectro/dp/B00464EC1E,Normal,protector solar,57.93 €,"Vitamina E, Alantoína, Dióxido de titanio",Ideal para piel normal en cuidado protector solar,3.6
Amazon.com: Heliocare 360 Gel sin aceite SPF 50 1.7 fl oz / Gel ...,"https://m.media-amazon.com/images/I/71194JhNyjL._AC_UF1000,1000_QL80_.jpg",Amazon.com: Heliocare 360 Gel sin aceite SPF 50 1.7 fl oz / Gel ...,https://www.amazon.com/-/es/Heliocare-aceite-protector-visible-infrarroja/dp/B00UYZ95F2,Normal,protector solar,74.07 €,"Vitamina E, Alantoína, Ácido hialurónico",Ideal para piel normal en cuidado protector solar,4.9
Amazon.com: EltaMD - Protector solar facial para uso diario con ...,"https://m.media-amazon.com/images/I/71TzJ8NxleL._AC_UF1000,1000_QL80_.jpg",Amazon.com: EltaMD - Protector solar facial para uso diario con ...,https://www.amazon.com/-/es/EltaMD-Protector-facial-protecci%C3%B3n-espectro/dp/B08564D55L,Normal,protector solar,104.33 €,"Ácido hialurónico, Dióxido de titanio, Vitamina E",Ideal para piel normal en cuidado protector solar,4.3
Amazon.com: SOPHIA LINE Exfoliante facial del Mar Muerto – Cuidado ...,https://m.media-amazon.com/images/I/61GjJX50sfL.jpg,Amazon.com: SOPHIA LINE Exfoliante facial del Mar Muerto – Cuidado ...,https://www.amazon.com/-/es/SOPHIA-LINE-Exfoliante-facial-Muerto/dp/B09GF7QGPC,Normal,exfoliante,126.08 €,"AHA/BHA, Jojoba, Ácido glicólico",Ideal para piel normal en cuidado exfoliante,4.8
Amazon.com: Ongaro Beauty Exfoliante facial orgánico - Exfoliante ...,"https://m.media-amazon.com/images/I/71OSOef1T9L._AC_UF1000,1000_QL80_.jpg",Amazon.com: Ongaro Beauty Exfoliante facial orgánico - Exfoliante ...,https://www.amazon.com/-/es/Ongaro-Beauty-Exfoliante-facial-org%C3%A1nico/dp/B01MZ8D0Z3,Normal,exfoliante,49.52 €,"Jojoba, Bambú micronizado, AHA/BHA, Ácido glicólico",Ideal para piel normal en cuidado exfoliante,3.5
Amazon.com: Ongaro Beauty Exfoliante facial orgánico - Exfoliante ...,https://m.media-amazon.com/images/I/71OSOef1T9L.jpg,Amazon.com: Ongaro Beauty Exfoliante facial orgánico - Exfoliante ...,https://www.amazon.com/-/es/Ongaro-Beauty-Exfoliante-facial-org%C3%A1nico/dp/B01MZ8D0Z3,Normal,exfoliante,130.58 €,"Bambú micronizado, AHA/BHA",Ideal para piel normal en cuidado exfoliante,4.6
Amazon.com: SOPHIA LINE Exfoliante facial del Mar Muerto – Cuidado ...,"https://m.media-amazon.com/images/I/61GjJX50sfL._AC_UF1000,1000_QL80_.jpg",Amazon.com: SOPHIA LINE Exfoliante facial del Mar Muerto – Cuidado ...,https://www.amazon.com/-/es/SOPHIA-LINE-Exfoliante-facial-Muerto/dp/B09GF7QGPC,Normal,exfoliante,57.08 €,"Jojoba, AHA/BHA, Ácido salicílico, Ácido glicólico",Ideal para piel normal en cuidado exfoliante,3.1
Amazon.com: Ongaro Beauty Exfoliante facial orgánico - Exfoliante ...,"https://images-na.ssl-images-amazon.com/images/I/71OSOef1T9L._AC_UL210_SR210,210_.jpg",Amazon.com: Ongaro Beauty Exfoliante facial orgánico - Exfoliante ...,https://www.amazon.com/-/es/Ongaro-Beauty-Exfoliante-facial-org%C3%A1nico/dp/B01MZ8D0Z3,Normal,exfoliante,125.07 €,"Jojoba, Ácido salicílico, AHA/BHA, Bambú micronizado",Ideal para piel normal en cuidado exfoliante,5.0
Amazon.com: La Pink Tónico facial brillante ideal con fórmula 100 ...,https://m.media-amazon.com/images/I/61Qgij8BT5L.jpg,Amazon.com: La Pink Tónico facial brillante ideal con fórmula 100 ...,https://www.amazon.com/-/es/brillante-f%C3%B3rmula-micropl%C3%A1sticos-aclarar-unificar/dp/B0BZZ9FXY5,Normal,tónico facial,49.67 €,"Hamamelis, Niacinamida",Ideal para piel normal en cuidado tónico facial,3.1
Amazon.com: Simple Kind To Skin Tónico facial calmante de 6.7 ...,https://m.media-amazon.com/images/I/61qdTO6M8lL.jpg,Amazon.com: Simple Kind To Skin Tónico facial calmante de 6.7 ...,https://www.amazon.com/-/es/Simple-T%C3%B3nico-facial-calmante-paquete/dp/B005TI7NPI,Normal,tónico facial,51.93 €,"Ácido láctico, Pepino",Ideal para piel normal en cuidado tónico facial,4.5
Amazon.com: Tónico facial de hidratación intensa con aloe vera ...,"https://m.media-amazon.com/images/I/81njtOz0KUL._AC_UF1000,1000_QL80_.jpg",Amazon.com: Tónico facial de hidratación intensa con aloe vera ...,https://www.amazon.com/-/es/T%C3%B3nico-facial-hidrataci%C3%B3n-intensa-org%C3%A1nico/dp/B0CJPHVB67,Normal,tónico facial,110.74 €,"Pepino, Glicerina, Ácido láctico, Niacinamida",Ideal para piel normal en cuidado tónico facial,3.5
Amazon.com: THAYERS Tónico facial lechoso con hongo de nieve y ...,https://m.media-amazon.com/images/I/71XmSuU0pnL.jpg,Amazon.com: THAYERS Tónico facial lechoso con hongo de nieve y ...,https://www.amazon.com/-/es/THAYERS-hialur%C3%B3nico-recomendado-dermat%C3%B3logos-sensible/dp/B0C5JRG7RP,Normal,tónico facial,54.9 €,"Niacinamida, Pepino, Hamamelis, Ácido láctico",Ideal para piel normal en cuidado tónico facial,3.2
Amazon.com: CeraVe Tónico hidratante para rostro sin alcohol con ...,"https://m.media-amazon.com/images/I/61I5vVH68JL._AC_UF1000,1000_QL80_.jpg",Amazon.com: CeraVe Tónico hidratante para rostro sin alcohol con ...,https://www.amazon.com/-/es/hidratante-hialur%C3%B3nico-niacinamida-ceramidas-comedog%C3%A9nico/dp/B09LKXR62L,Normal,tónico facial,67.1 €,"Ácido láctico, Niacinamida",Ideal para piel normal en cuidado tónico facial,3.8
"Amazon.com: Aceite facial sin perfume para masaje Gua Sha, seguro ...","https://m.media-amazon.com/images/I/71rxVLJqZ0L._AC_UF1000,1000_QL80_.jpg","Amazon.com: Aceite facial sin perfume para masaje Gua Sha, seguro ...",https://www.amazon.com/-/es/Aceite-perfume-propensa-obstruye-natural/dp/B0CMK58H72,Normal,aceite facial,16.58 €,"Aceite de argán, Vitamina E",Ideal para piel normal en cuidado aceite facial,3.9
Amazon.com: Good Molecules Aceite de Bakuchiol para piel seca ...,"https://m.media-amazon.com/images/I/71XVC3sN9jL._AC_UF1000,1000_QL80_.jpg",Amazon.com: Good Molecules Aceite de Bakuchiol para piel seca ...,https://www.amazon.com/-/es/Good-Molecules-Aceite-Bakuchiol-antienvejecimiento/dp/B09PVD477V,Normal,aceite facial,82.95 €,"Aceite de argán, Aceite de jojoba, Vitamina E, Escualano",Ideal para piel normal en cuidado aceite facial,3.4
Amazon.com: Good Molecules Aceite de Bakuchiol para piel grasa ...,https://m.media-amazon.com/images/I/71r58q3OXIL.jpg,Amazon.com: Good Molecules Aceite de Bakuchiol para piel grasa ...,https://www.amazon.com/-/es/Molecules-Aceite-Bakuchiol-grasa-antienvejecimiento/dp/B0BX3K2216,Normal,aceite facial,29.11 €,"Aceite de rosa mosqueta, Aceite de jojoba",Ideal para piel normal en cuidado aceite facial,3.6
Amazon.com: Joanssore Juego de 2 jabones líquidos hechos a mano de ...,"https://m.media-amazon.com/images/I/611rtcmraWL._AC_UF1000,1000_QL80_.jpg",Amazon.com: Joanssore Juego de 2 jabones líquidos hechos a mano de ...,https://www.amazon.com/-/es/Joanssore-jabones-l%C3%ADquidos-c%C3%BArcuma-multiusos/dp/B0CLRQN631,Normal,aceite facial,117.7 €,"Aceite de argán, Aceite de jojoba, Aceite de rosa mosqueta, Vitamina E",Ideal para piel normal en cuidado aceite facial,3.5
"Amazon.com: Aceite de vitamina E, aceite hidratante de 3.4 fl oz ...","https://m.media-amazon.com/images/I/61YZjH8ONAL._AC_UF1000,1000_QL80_.jpg","Amazon.com: Aceite de vitamina E, aceite hidratante de 3.4 fl oz ...",https://www.amazon.com/-/es/vitamina-hidratante-esenciales-naturales-nutritivo/dp/B0CN4C41CY,Normal,aceite facial,127.87 €,"Aceite de jojoba, Escualano, Aceite de rosa mosqueta",Ideal para piel normal en cuidado aceite facial,3.2
